estimand_type	estimand	design_id	design	functional	local_state	method	quantity	point_estimate	ci_low	ci_high	estimate_ci	boot_se	n_boot_nonmissing	ci_type
Delta	Delta: Robbery rate, log	masked_full5_obs3	Masked: 5 full rows	ATE	NA	Tensor	Delta_h	-0.219738	-0.495415	0.055939	-0.2197 [-0.4954, 0.0559]	0.140652	500	bootstrap_se_centered
Delta	Delta: Robbery rate, log	masked_full5_obs3	Masked: 5 full rows	ATE	NA	Matrix	Delta_h_matrix	-0.058147	-1.23043	1.114136	-0.0581 [-1.2304, 1.1141]	0.598104	500	bootstrap_se_centered
Delta	Delta: Robbery rate, log	masked_full5_obs3	Masked: 5 full rows	Local-Florida	NA	Tensor	Delta_h	-0.013351	-0.779927	0.753225	-0.0134 [-0.7799, 0.7532]	0.39111	500	bootstrap_se_centered
Delta	Delta: Robbery rate, log	masked_full5_obs3	Masked: 5 full rows	Local-Florida	NA	Matrix	Delta_h_matrix	-0.145387	-1.939157	1.648383	-0.1454 [-1.9392, 1.6484]	0.915189	500	bootstrap_se_centered
Delta	Delta: Robbery rate, log	masked_full5_obs3	Masked: 5 full rows	Local-Montana	NA	Tensor	Delta_h	-1.080808	-1.896681	-0.264935	-1.0808 [-1.8967, -0.2649]	0.416262	500	bootstrap_se_centered
Delta	Delta: Robbery rate, log	masked_full5_obs3	Masked: 5 full rows	Local-Montana	NA	Matrix	Delta_h_matrix	-0.236001	-2.298621	1.826619	-0.2360 [-2.2986, 1.8266]	1.052357	500	bootstrap_se_centered
Delta	Delta: Robbery rate, log	masked_full5_obs3	Masked: 5 full rows	Local-Texas	NA	Tensor	Delta_h	0.041192	-0.751627	0.834011	0.0412 [-0.7516, 0.8340]	0.404499	500	bootstrap_se_centered
Delta	Delta: Robbery rate, log	masked_full5_obs3	Masked: 5 full rows	Local-Texas	NA	Matrix	Delta_h_matrix	-0.025513	-2.005797	1.954771	-0.0255 [-2.0058, 1.9548]	1.010349	500	bootstrap_se_centered
Delta	Delta: Robbery rate, log	masked_full5_obs3	Masked: 5 full rows	RowHet	NA	Tensor	Delta_h	-0.126686	-0.257464	0.004092	-0.1267 [-0.2575, 0.0041]	0.066724	500	bootstrap_se_centered
Delta	Delta: Robbery rate, log	masked_full5_obs3	Masked: 5 full rows	RowHet	NA	Matrix	Delta_h_matrix	0.007158	-0.376297	0.390613	0.0072 [-0.3763, 0.3906]	0.19564	500	bootstrap_se_centered
Delta	Delta: Robbery rate, log	masked_full5_obs3	Masked: 5 full rows	Trend	NA	Tensor	Delta_h	-0.003847	-0.027801	0.020107	-0.0038 [-0.0278, 0.0201]	0.012222	500	bootstrap_se_centered
Delta	Delta: Robbery rate, log	masked_full5_obs3	Masked: 5 full rows	Trend	NA	Matrix	Delta_h_matrix	0.004652	-0.010018	0.019322	0.0047 [-0.0100, 0.0193]	0.007485	500	bootstrap_se_centered
Delta	Delta: Robbery rate, log	masked_full10_obs3	Masked: 10 full rows	ATE	NA	Tensor	Delta_h	-0.139477	-0.236918	-0.042036	-0.1395 [-0.2369, -0.0420]	0.049715	500	bootstrap_se_centered
Delta	Delta: Robbery rate, log	masked_full10_obs3	Masked: 10 full rows	ATE	NA	Matrix	Delta_h_matrix	-0.034146	-0.348349	0.280057	-0.0341 [-0.3483, 0.2801]	0.160308	500	bootstrap_se_centered
Delta	Delta: Robbery rate, log	masked_full10_obs3	Masked: 10 full rows	Local-Florida	NA	Tensor	Delta_h	-0.013555	-0.262803	0.235693	-0.0136 [-0.2628, 0.2357]	0.127167	500	bootstrap_se_centered
Delta	Delta: Robbery rate, log	masked_full10_obs3	Masked: 10 full rows	Local-Florida	NA	Matrix	Delta_h_matrix	-0.105228	-0.764455	0.553999	-0.1052 [-0.7645, 0.5540]	0.33634	500	bootstrap_se_centered
Delta	Delta: Robbery rate, log	masked_full10_obs3	Masked: 10 full rows	Local-Montana	NA	Tensor	Delta_h	-0.440932	-0.688145	-0.193719	-0.4409 [-0.6881, -0.1937]	0.126129	500	bootstrap_se_centered
Delta	Delta: Robbery rate, log	masked_full10_obs3	Masked: 10 full rows	Local-Montana	NA	Matrix	Delta_h_matrix	-0.230587	-0.887126	0.425952	-0.2306 [-0.8871, 0.4260]	0.334969	500	bootstrap_se_centered
Delta	Delta: Robbery rate, log	masked_full10_obs3	Masked: 10 full rows	Local-Texas	NA	Tensor	Delta_h	-0.074469	-0.323635	0.174697	-0.0745 [-0.3236, 0.1747]	0.127126	500	bootstrap_se_centered
Delta	Delta: Robbery rate, log	masked_full10_obs3	Masked: 10 full rows	Local-Texas	NA	Matrix	Delta_h_matrix	-0.023765	-0.707689	0.660159	-0.0238 [-0.7077, 0.6602]	0.348941	500	bootstrap_se_centered
Delta	Delta: Robbery rate, log	masked_full10_obs3	Masked: 10 full rows	RowHet	NA	Tensor	Delta_h	-0.094553	-0.148241	-0.040865	-0.0946 [-0.1482, -0.0409]	0.027392	500	bootstrap_se_centered
Delta	Delta: Robbery rate, log	masked_full10_obs3	Masked: 10 full rows	RowHet	NA	Matrix	Delta_h_matrix	0.006304	-0.140914	0.153522	0.0063 [-0.1409, 0.1535]	0.075111	500	bootstrap_se_centered
Delta	Delta: Robbery rate, log	masked_full10_obs3	Masked: 10 full rows	Trend	NA	Tensor	Delta_h	8.54e-4	-0.020043	0.021751	0.0009 [-0.0200, 0.0218]	0.010662	500	bootstrap_se_centered
Delta	Delta: Robbery rate, log	masked_full10_obs3	Masked: 10 full rows	Trend	NA	Matrix	Delta_h_matrix	0.003613	-0.016295	0.023521	0.0036 [-0.0163, 0.0235]	0.010157	500	bootstrap_se_centered
Delta	Delta: Robbery rate, log	masked_full15_obs3	Masked: 15 full rows	ATE	NA	Tensor	Delta_h	-0.148957	-0.217158	-0.080756	-0.1490 [-0.2172, -0.0808]	0.034797	500	bootstrap_se_centered
Delta	Delta: Robbery rate, log	masked_full15_obs3	Masked: 15 full rows	ATE	NA	Matrix	Delta_h_matrix	-0.050107	-0.141709	0.041495	-0.0501 [-0.1417, 0.0415]	0.046736	500	bootstrap_se_centered
Delta	Delta: Robbery rate, log	masked_full15_obs3	Masked: 15 full rows	Local-Florida	NA	Tensor	Delta_h	0.014372	-0.21712	0.245864	0.0144 [-0.2171, 0.2459]	0.118108	500	bootstrap_se_centered
Delta	Delta: Robbery rate, log	masked_full15_obs3	Masked: 15 full rows	Local-Florida	NA	Matrix	Delta_h_matrix	-0.110212	-0.377747	0.157323	-0.1102 [-0.3777, 0.1573]	0.136497	500	bootstrap_se_centered
Delta	Delta: Robbery rate, log	masked_full15_obs3	Masked: 15 full rows	Local-Montana	NA	Tensor	Delta_h	-0.492719	-0.742927	-0.242511	-0.4927 [-0.7429, -0.2425]	0.127657	500	bootstrap_se_centered
Delta	Delta: Robbery rate, log	masked_full15_obs3	Masked: 15 full rows	Local-Montana	NA	Matrix	Delta_h_matrix	-0.164054	-0.432311	0.104203	-0.1641 [-0.4323, 0.1042]	0.136866	500	bootstrap_se_centered
Delta	Delta: Robbery rate, log	masked_full15_obs3	Masked: 15 full rows	Local-Texas	NA	Tensor	Delta_h	-0.035365	-0.267526	0.196796	-0.0354 [-0.2675, 0.1968]	0.11845	500	bootstrap_se_centered
Delta	Delta: Robbery rate, log	masked_full15_obs3	Masked: 15 full rows	Local-Texas	NA	Matrix	Delta_h_matrix	-0.027981	-0.301119	0.245157	-0.0280 [-0.3011, 0.2452]	0.139356	500	bootstrap_se_centered
Delta	Delta: Robbery rate, log	masked_full15_obs3	Masked: 15 full rows	RowHet	NA	Tensor	Delta_h	-0.084471	-0.134338	-0.034604	-0.0845 [-0.1343, -0.0346]	0.025442	500	bootstrap_se_centered
Delta	Delta: Robbery rate, log	masked_full15_obs3	Masked: 15 full rows	RowHet	NA	Matrix	Delta_h_matrix	0.009752	-0.048415	0.067919	0.0098 [-0.0484, 0.0679]	0.029677	500	bootstrap_se_centered
Delta	Delta: Robbery rate, log	masked_full15_obs3	Masked: 15 full rows	Trend	NA	Tensor	Delta_h	0.005041	-0.010122	0.020204	0.0050 [-0.0101, 0.0202]	0.007736	500	bootstrap_se_centered
Delta	Delta: Robbery rate, log	masked_full15_obs3	Masked: 15 full rows	Trend	NA	Matrix	Delta_h_matrix	0.007251	-0.010413	0.024915	0.0073 [-0.0104, 0.0249]	0.009012	500	bootstrap_se_centered
Delta	Delta: Robbery rate, log	nonmasked_original	Non-masked	ATE	NA	Tensor	Delta_h	-0.024137	-0.09484	0.046566	-0.0241 [-0.0948, 0.0466]	0.036073	500	bootstrap_se_centered
Delta	Delta: Robbery rate, log	nonmasked_original	Non-masked	ATE	NA	Matrix	Delta_h_matrix	0.033735	-0.027017	0.094487	0.0337 [-0.0270, 0.0945]	0.030996	500	bootstrap_se_centered
Delta	Delta: Robbery rate, log	nonmasked_original	Non-masked	Local-Florida	NA	Tensor	Delta_h	0.062109	-0.206073	0.330291	0.0621 [-0.2061, 0.3303]	0.136827	500	bootstrap_se_centered
Delta	Delta: Robbery rate, log	nonmasked_original	Non-masked	Local-Florida	NA	Matrix	Delta_h_matrix	-0.009361	-0.28541	0.266688	-0.0094 [-0.2854, 0.2667]	0.140841	500	bootstrap_se_centered
Delta	Delta: Robbery rate, log	nonmasked_original	Non-masked	Local-Montana	NA	Tensor	Delta_h	-0.1958	-0.487993	0.096393	-0.1958 [-0.4880, 0.0964]	0.149078	500	bootstrap_se_centered
Delta	Delta: Robbery rate, log	nonmasked_original	Non-masked	Local-Montana	NA	Matrix	Delta_h_matrix	0.010377	-0.213341	0.234095	0.0104 [-0.2133, 0.2341]	0.114142	500	bootstrap_se_centered
Delta	Delta: Robbery rate, log	nonmasked_original	Non-masked	Local-Texas	NA	Tensor	Delta_h	-0.019714	-0.233302	0.193874	-0.0197 [-0.2333, 0.1939]	0.108974	500	bootstrap_se_centered
Delta	Delta: Robbery rate, log	nonmasked_original	Non-masked	Local-Texas	NA	Matrix	Delta_h_matrix	0.035559	-0.14592	0.217038	0.0356 [-0.1459, 0.2170]	0.092591	500	bootstrap_se_centered
Delta	Delta: Robbery rate, log	nonmasked_original	Non-masked	RowHet	NA	Tensor	Delta_h	-0.017075	-0.084407	0.050257	-0.0171 [-0.0844, 0.0503]	0.034353	500	bootstrap_se_centered
Delta	Delta: Robbery rate, log	nonmasked_original	Non-masked	RowHet	NA	Matrix	Delta_h_matrix	0.03474	-0.024381	0.093861	0.0347 [-0.0244, 0.0939]	0.030164	500	bootstrap_se_centered
Delta	Delta: Robbery rate, log	nonmasked_original	Non-masked	Trend	NA	Tensor	Delta_h	-0.135938	-0.216521	-0.055355	-0.1359 [-0.2165, -0.0554]	0.041114	500	bootstrap_se_centered
Delta	Delta: Robbery rate, log	nonmasked_original	Non-masked	Trend	NA	Matrix	Delta_h_matrix	-0.109753	-0.206899	-0.012607	-0.1098 [-0.2069, -0.0126]	0.049564	500	bootstrap_se_centered
Delta	Delta: Aggravated assault rate, log	masked_full5_obs3	Masked: 5 full rows	ATE	NA	Tensor	Delta_h	-0.103207	-0.362412	0.155998	-0.1032 [-0.3624, 0.1560]	0.132247	500	bootstrap_se_centered
Delta	Delta: Aggravated assault rate, log	masked_full5_obs3	Masked: 5 full rows	ATE	NA	Matrix	Delta_h_matrix	-0.027649	-1.367692	1.312394	-0.0276 [-1.3677, 1.3124]	0.683695	500	bootstrap_se_centered
Delta	Delta: Aggravated assault rate, log	masked_full5_obs3	Masked: 5 full rows	Local-Florida	NA	Tensor	Delta_h	0.004846	-0.699892	0.709584	0.0048 [-0.6999, 0.7096]	0.35956	500	bootstrap_se_centered
Delta	Delta: Aggravated assault rate, log	masked_full5_obs3	Masked: 5 full rows	Local-Florida	NA	Matrix	Delta_h_matrix	-0.151695	-2.910774	2.607384	-0.1517 [-2.9108, 2.6074]	1.407693	500	bootstrap_se_centered
Delta	Delta: Aggravated assault rate, log	masked_full5_obs3	Masked: 5 full rows	Local-Montana	NA	Tensor	Delta_h	-0.444913	-1.440988	0.551162	-0.4449 [-1.4410, 0.5512]	0.508201	500	bootstrap_se_centered
Delta	Delta: Aggravated assault rate, log	masked_full5_obs3	Masked: 5 full rows	Local-Montana	NA	Matrix	Delta_h_matrix	-0.315042	-3.631629	3.001545	-0.3150 [-3.6316, 3.0015]	1.692136	500	bootstrap_se_centered
Delta	Delta: Aggravated assault rate, log	masked_full5_obs3	Masked: 5 full rows	Local-Texas	NA	Tensor	Delta_h	-0.041086	-0.643106	0.560934	-0.0411 [-0.6431, 0.5609]	0.307153	500	bootstrap_se_centered
Delta	Delta: Aggravated assault rate, log	masked_full5_obs3	Masked: 5 full rows	Local-Texas	NA	Matrix	Delta_h_matrix	-0.177948	-2.92805	2.572154	-0.1779 [-2.9280, 2.5722]	1.403113	500	bootstrap_se_centered
Delta	Delta: Aggravated assault rate, log	masked_full5_obs3	Masked: 5 full rows	RowHet	NA	Tensor	Delta_h	-0.06036	-0.169539	0.048819	-0.0604 [-0.1695, 0.0488]	0.055703	500	bootstrap_se_centered
Delta	Delta: Aggravated assault rate, log	masked_full5_obs3	Masked: 5 full rows	RowHet	NA	Matrix	Delta_h_matrix	-9.41e-4	-0.529701	0.527819	-0.0009 [-0.5297, 0.5278]	0.269775	500	bootstrap_se_centered
Delta	Delta: Aggravated assault rate, log	masked_full5_obs3	Masked: 5 full rows	Trend	NA	Tensor	Delta_h	6.1e-4	-0.022886	0.024106	0.0006 [-0.0229, 0.0241]	0.011988	500	bootstrap_se_centered
Delta	Delta: Aggravated assault rate, log	masked_full5_obs3	Masked: 5 full rows	Trend	NA	Matrix	Delta_h_matrix	0.013858	-0.012639	0.040355	0.0139 [-0.0126, 0.0404]	0.013519	500	bootstrap_se_centered
Delta	Delta: Aggravated assault rate, log	masked_full10_obs3	Masked: 10 full rows	ATE	NA	Tensor	Delta_h	-0.050875	-0.175443	0.073693	-0.0509 [-0.1754, 0.0737]	0.063555	500	bootstrap_se_centered
Delta	Delta: Aggravated assault rate, log	masked_full10_obs3	Masked: 10 full rows	ATE	NA	Matrix	Delta_h_matrix	-0.009633	-0.301069	0.281803	-0.0096 [-0.3011, 0.2818]	0.148692	500	bootstrap_se_centered
Delta	Delta: Aggravated assault rate, log	masked_full10_obs3	Masked: 10 full rows	Local-Florida	NA	Tensor	Delta_h	0.007577	-0.380351	0.395505	0.0076 [-0.3804, 0.3955]	0.197923	500	bootstrap_se_centered
Delta	Delta: Aggravated assault rate, log	masked_full10_obs3	Masked: 10 full rows	Local-Florida	NA	Matrix	Delta_h_matrix	-0.131711	-0.958783	0.695361	-0.1317 [-0.9588, 0.6954]	0.421975	500	bootstrap_se_centered
Delta	Delta: Aggravated assault rate, log	masked_full10_obs3	Masked: 10 full rows	Local-Montana	NA	Tensor	Delta_h	-0.106502	-0.515075	0.302071	-0.1065 [-0.5151, 0.3021]	0.208455	500	bootstrap_se_centered
Delta	Delta: Aggravated assault rate, log	masked_full10_obs3	Masked: 10 full rows	Local-Montana	NA	Matrix	Delta_h_matrix	-0.387739	-1.3781080000000001	0.60263	-0.3877 [-1.3781, 0.6026]	0.50529	500	bootstrap_se_centered
Delta	Delta: Aggravated assault rate, log	masked_full10_obs3	Masked: 10 full rows	Local-Texas	NA	Tensor	Delta_h	-0.076644	-0.443569	0.290281	-0.0766 [-0.4436, 0.2903]	0.187206	500	bootstrap_se_centered
Delta	Delta: Aggravated assault rate, log	masked_full10_obs3	Masked: 10 full rows	Local-Texas	NA	Matrix	Delta_h_matrix	-0.177156	-0.898305	0.543993	-0.1772 [-0.8983, 0.5440]	0.367933	500	bootstrap_se_centered
Delta	Delta: Aggravated assault rate, log	masked_full10_obs3	Masked: 10 full rows	RowHet	NA	Tensor	Delta_h	-0.017685	-0.10129	0.06592	-0.0177 [-0.1013, 0.0659]	0.042656	500	bootstrap_se_centered
Delta	Delta: Aggravated assault rate, log	masked_full10_obs3	Masked: 10 full rows	RowHet	NA	Matrix	Delta_h_matrix	0.001702	-0.154987	0.158391	0.0017 [-0.1550, 0.1584]	0.079943	500	bootstrap_se_centered
Delta	Delta: Aggravated assault rate, log	masked_full10_obs3	Masked: 10 full rows	Trend	NA	Tensor	Delta_h	0.010947	-0.006371	0.028265	0.0109 [-0.0064, 0.0283]	0.008836	500	bootstrap_se_centered
Delta	Delta: Aggravated assault rate, log	masked_full10_obs3	Masked: 10 full rows	Trend	NA	Matrix	Delta_h_matrix	0.007823	-0.011734	0.02738	0.0078 [-0.0117, 0.0274]	0.009978	500	bootstrap_se_centered
Delta	Delta: Aggravated assault rate, log	masked_full15_obs3	Masked: 15 full rows	ATE	NA	Tensor	Delta_h	-0.045648	-0.165345	0.074049	-0.0456 [-0.1653, 0.0740]	0.06107	500	bootstrap_se_centered
Delta	Delta: Aggravated assault rate, log	masked_full15_obs3	Masked: 15 full rows	ATE	NA	Matrix	Delta_h_matrix	0.012329	-0.090763	0.115421	0.0123 [-0.0908, 0.1154]	0.052598	500	bootstrap_se_centered
Delta	Delta: Aggravated assault rate, log	masked_full15_obs3	Masked: 15 full rows	Local-Florida	NA	Tensor	Delta_h	0.03076	-0.285776	0.347296	0.0308 [-0.2858, 0.3473]	0.161498	500	bootstrap_se_centered
Delta	Delta: Aggravated assault rate, log	masked_full15_obs3	Masked: 15 full rows	Local-Florida	NA	Matrix	Delta_h_matrix	-0.110974	-0.495348	0.2734	-0.1110 [-0.4953, 0.2734]	0.196109	500	bootstrap_se_centered
Delta	Delta: Aggravated assault rate, log	masked_full15_obs3	Masked: 15 full rows	Local-Montana	NA	Tensor	Delta_h	-0.07885	-0.496549	0.338849	-0.0789 [-0.4965, 0.3388]	0.213112	500	bootstrap_se_centered
Delta	Delta: Aggravated assault rate, log	masked_full15_obs3	Masked: 15 full rows	Local-Montana	NA	Matrix	Delta_h_matrix	-0.201027	-0.6531	0.251046	-0.2010 [-0.6531, 0.2510]	0.23065	500	bootstrap_se_centered
Delta	Delta: Aggravated assault rate, log	masked_full15_obs3	Masked: 15 full rows	Local-Texas	NA	Tensor	Delta_h	-0.054256	-0.452738	0.344226	-0.0543 [-0.4527, 0.3442]	0.203307	500	bootstrap_se_centered
Delta	Delta: Aggravated assault rate, log	masked_full15_obs3	Masked: 15 full rows	Local-Texas	NA	Matrix	Delta_h_matrix	-0.124523	-0.580978	0.331932	-0.1245 [-0.5810, 0.3319]	0.232885	500	bootstrap_se_centered
Delta	Delta: Aggravated assault rate, log	masked_full15_obs3	Masked: 15 full rows	RowHet	NA	Tensor	Delta_h	-0.007061	-0.093551	0.079429	-0.0071 [-0.0936, 0.0794]	0.044128	500	bootstrap_se_centered
Delta	Delta: Aggravated assault rate, log	masked_full15_obs3	Masked: 15 full rows	RowHet	NA	Matrix	Delta_h_matrix	0.008188	-0.070722	0.087098	0.0082 [-0.0707, 0.0871]	0.04026	500	bootstrap_se_centered
Delta	Delta: Aggravated assault rate, log	masked_full15_obs3	Masked: 15 full rows	Trend	NA	Tensor	Delta_h	0.009482	-0.009197	0.028161	0.0095 [-0.0092, 0.0282]	0.00953	500	bootstrap_se_centered
Delta	Delta: Aggravated assault rate, log	masked_full15_obs3	Masked: 15 full rows	Trend	NA	Matrix	Delta_h_matrix	0.00842	-0.009812	0.026652	0.0084 [-0.0098, 0.0267]	0.009302	500	bootstrap_se_centered
Delta	Delta: Aggravated assault rate, log	nonmasked_original	Non-masked	ATE	NA	Tensor	Delta_h	0.046107	-0.080907	0.173121	0.0461 [-0.0809, 0.1731]	0.064803	500	bootstrap_se_centered
Delta	Delta: Aggravated assault rate, log	nonmasked_original	Non-masked	ATE	NA	Matrix	Delta_h_matrix	0.049613	-0.041885	0.141111	0.0496 [-0.0419, 0.1411]	0.046683	500	bootstrap_se_centered
Delta	Delta: Aggravated assault rate, log	nonmasked_original	Non-masked	Local-Florida	NA	Tensor	Delta_h	-0.009066	-0.478483	0.460351	-0.0091 [-0.4785, 0.4604]	0.239498	500	bootstrap_se_centered
Delta	Delta: Aggravated assault rate, log	nonmasked_original	Non-masked	Local-Florida	NA	Matrix	Delta_h_matrix	-0.069692	-0.485577	0.346193	-0.0697 [-0.4856, 0.3462]	0.212186	500	bootstrap_se_centered
Delta	Delta: Aggravated assault rate, log	nonmasked_original	Non-masked	Local-Montana	NA	Tensor	Delta_h	-0.127443	-0.631732	0.376846	-0.1274 [-0.6317, 0.3768]	0.25729	500	bootstrap_se_centered
Delta	Delta: Aggravated assault rate, log	nonmasked_original	Non-masked	Local-Montana	NA	Matrix	Delta_h_matrix	-0.294649	-0.594536	0.005238	-0.2946 [-0.5945, 0.0052]	0.153004	500	bootstrap_se_centered
Delta	Delta: Aggravated assault rate, log	nonmasked_original	Non-masked	Local-Texas	NA	Tensor	Delta_h	-0.031135	-0.509265	0.446995	-0.0311 [-0.5093, 0.4470]	0.243944	500	bootstrap_se_centered
Delta	Delta: Aggravated assault rate, log	nonmasked_original	Non-masked	Local-Texas	NA	Matrix	Delta_h_matrix	-0.026604	-0.289997	0.236789	-0.0266 [-0.2900, 0.2368]	0.134384	500	bootstrap_se_centered
Delta	Delta: Aggravated assault rate, log	nonmasked_original	Non-masked	RowHet	NA	Tensor	Delta_h	0.052147	-0.073813	0.178107	0.0521 [-0.0738, 0.1781]	0.064265	500	bootstrap_se_centered
Delta	Delta: Aggravated assault rate, log	nonmasked_original	Non-masked	RowHet	NA	Matrix	Delta_h_matrix	0.052371	-0.040308	0.14505	0.0524 [-0.0403, 0.1451]	0.047285	500	bootstrap_se_centered
Delta	Delta: Aggravated assault rate, log	nonmasked_original	Non-masked	Trend	NA	Tensor	Delta_h	0.023996	-0.039431	0.087423	0.0240 [-0.0394, 0.0874]	0.032361	500	bootstrap_se_centered
Delta	Delta: Aggravated assault rate, log	nonmasked_original	Non-masked	Trend	NA	Matrix	Delta_h_matrix	-0.01086	-0.078011	0.056291	-0.0109 [-0.0780, 0.0563]	0.034261	500	bootstrap_se_centered
Delta	Contrast: Robbery rate, log - Aggravated assault rate, log	masked_full5_obs3	Masked: 5 full rows	ATE	NA	Tensor	C_Delta_h	-0.116531	-0.429326	0.196264	-0.1165 [-0.4293, 0.1963]	0.159589	500	bootstrap_se_centered
Delta	Contrast: Robbery rate, log - Aggravated assault rate, log	masked_full5_obs3	Masked: 5 full rows	ATE	NA	Matrix	C_Delta_h_matrix	-0.030498	-1.493485	1.432489	-0.0305 [-1.4935, 1.4325]	0.746422	500	bootstrap_se_centered
Delta	Contrast: Robbery rate, log - Aggravated assault rate, log	masked_full5_obs3	Masked: 5 full rows	Local-Florida	NA	Tensor	C_Delta_h	-0.018197	-0.895328	0.858934	-0.0182 [-0.8953, 0.8589]	0.447516	500	bootstrap_se_centered
Delta	Contrast: Robbery rate, log - Aggravated assault rate, log	masked_full5_obs3	Masked: 5 full rows	Local-Florida	NA	Matrix	C_Delta_h_matrix	0.006308	-2.916333	2.928949	0.0063 [-2.9163, 2.9289]	1.491144	500	bootstrap_se_centered
Delta	Contrast: Robbery rate, log - Aggravated assault rate, log	masked_full5_obs3	Masked: 5 full rows	Local-Montana	NA	Tensor	C_Delta_h	-0.635895	-1.794224	0.522434	-0.6359 [-1.7942, 0.5224]	0.590984	500	bootstrap_se_centered
Delta	Contrast: Robbery rate, log - Aggravated assault rate, log	masked_full5_obs3	Masked: 5 full rows	Local-Montana	NA	Matrix	C_Delta_h_matrix	0.079041	-3.437372	3.595454	0.0790 [-3.4374, 3.5955]	1.794088	500	bootstrap_se_centered
Delta	Contrast: Robbery rate, log - Aggravated assault rate, log	masked_full5_obs3	Masked: 5 full rows	Local-Texas	NA	Tensor	C_Delta_h	0.082278	-0.824929	0.989485	0.0823 [-0.8249, 0.9895]	0.462861	500	bootstrap_se_centered
Delta	Contrast: Robbery rate, log - Aggravated assault rate, log	masked_full5_obs3	Masked: 5 full rows	Local-Texas	NA	Matrix	C_Delta_h_matrix	0.152435	-3.225368	3.530238	0.1524 [-3.2254, 3.5302]	1.723369	500	bootstrap_se_centered
Delta	Contrast: Robbery rate, log - Aggravated assault rate, log	masked_full5_obs3	Masked: 5 full rows	RowHet	NA	Tensor	C_Delta_h	-0.066326	-0.216768	0.084116	-0.0663 [-0.2168, 0.0841]	0.076756	500	bootstrap_se_centered
Delta	Contrast: Robbery rate, log - Aggravated assault rate, log	masked_full5_obs3	Masked: 5 full rows	RowHet	NA	Matrix	C_Delta_h_matrix	0.008099	-0.584032	0.60023	0.0081 [-0.5840, 0.6002]	0.302108	500	bootstrap_se_centered
Delta	Contrast: Robbery rate, log - Aggravated assault rate, log	masked_full5_obs3	Masked: 5 full rows	Trend	NA	Tensor	C_Delta_h	-0.004457	-0.033393	0.024479	-0.0045 [-0.0334, 0.0245]	0.014763	500	bootstrap_se_centered
Delta	Contrast: Robbery rate, log - Aggravated assault rate, log	masked_full5_obs3	Masked: 5 full rows	Trend	NA	Matrix	C_Delta_h_matrix	-0.009206	-0.041027	0.022615	-0.0092 [-0.0410, 0.0226]	0.016235	500	bootstrap_se_centered
Delta	Contrast: Robbery rate, log - Aggravated assault rate, log	masked_full10_obs3	Masked: 10 full rows	ATE	NA	Tensor	C_Delta_h	-0.088602	-0.236747	0.059543	-0.0886 [-0.2367, 0.0595]	0.075584	500	bootstrap_se_centered
Delta	Contrast: Robbery rate, log - Aggravated assault rate, log	masked_full10_obs3	Masked: 10 full rows	ATE	NA	Matrix	C_Delta_h_matrix	-0.024513	-0.433947	0.384921	-0.0245 [-0.4339, 0.3849]	0.208895	500	bootstrap_se_centered
Delta	Contrast: Robbery rate, log - Aggravated assault rate, log	masked_full10_obs3	Masked: 10 full rows	Local-Florida	NA	Tensor	C_Delta_h	-0.021132	-0.446832	0.404568	-0.0211 [-0.4468, 0.4046]	0.217194	500	bootstrap_se_centered
Delta	Contrast: Robbery rate, log - Aggravated assault rate, log	masked_full10_obs3	Masked: 10 full rows	Local-Florida	NA	Matrix	C_Delta_h_matrix	0.026483	-1.003834	1.0568	0.0265 [-1.0038, 1.0568]	0.525672	500	bootstrap_se_centered
Delta	Contrast: Robbery rate, log - Aggravated assault rate, log	masked_full10_obs3	Masked: 10 full rows	Local-Montana	NA	Tensor	C_Delta_h	-0.33443	-0.756438	0.087578	-0.3344 [-0.7564, 0.0876]	0.21531	500	bootstrap_se_centered
Delta	Contrast: Robbery rate, log - Aggravated assault rate, log	masked_full10_obs3	Masked: 10 full rows	Local-Montana	NA	Matrix	C_Delta_h_matrix	0.157152	-1.0019149999999999	1.316219	0.1572 [-1.0019, 1.3162]	0.591361	500	bootstrap_se_centered
Delta	Contrast: Robbery rate, log - Aggravated assault rate, log	masked_full10_obs3	Masked: 10 full rows	Local-Texas	NA	Tensor	C_Delta_h	0.002175	-0.40883	0.41318	0.0022 [-0.4088, 0.4132]	0.209697	500	bootstrap_se_centered
Delta	Contrast: Robbery rate, log - Aggravated assault rate, log	masked_full10_obs3	Masked: 10 full rows	Local-Texas	NA	Matrix	C_Delta_h_matrix	0.153391	-0.74084	1.047622	0.1534 [-0.7408, 1.0476]	0.45624	500	bootstrap_se_centered
Delta	Contrast: Robbery rate, log - Aggravated assault rate, log	masked_full10_obs3	Masked: 10 full rows	RowHet	NA	Tensor	C_Delta_h	-0.076868	-0.166932	0.013196	-0.0769 [-0.1669, 0.0132]	0.045951	500	bootstrap_se_centered
Delta	Contrast: Robbery rate, log - Aggravated assault rate, log	masked_full10_obs3	Masked: 10 full rows	RowHet	NA	Matrix	C_Delta_h_matrix	0.004602	-0.202167	0.211371	0.0046 [-0.2022, 0.2114]	0.105494	500	bootstrap_se_centered
Delta	Contrast: Robbery rate, log - Aggravated assault rate, log	masked_full10_obs3	Masked: 10 full rows	Trend	NA	Tensor	C_Delta_h	-0.010093	-0.033372	0.013186	-0.0101 [-0.0334, 0.0132]	0.011877	500	bootstrap_se_centered
Delta	Contrast: Robbery rate, log - Aggravated assault rate, log	masked_full10_obs3	Masked: 10 full rows	Trend	NA	Matrix	C_Delta_h_matrix	-0.00421	-0.028848	0.020428	-0.0042 [-0.0288, 0.0204]	0.012571	500	bootstrap_se_centered
Delta	Contrast: Robbery rate, log - Aggravated assault rate, log	masked_full15_obs3	Masked: 15 full rows	ATE	NA	Tensor	C_Delta_h	-0.103309	-0.230183	0.023565	-0.1033 [-0.2302, 0.0236]	0.064732	500	bootstrap_se_centered
Delta	Contrast: Robbery rate, log - Aggravated assault rate, log	masked_full15_obs3	Masked: 15 full rows	ATE	NA	Matrix	C_Delta_h_matrix	-0.062436	-0.179263	0.054391	-0.0624 [-0.1793, 0.0544]	0.059605	500	bootstrap_se_centered
Delta	Contrast: Robbery rate, log - Aggravated assault rate, log	masked_full15_obs3	Masked: 15 full rows	Local-Florida	NA	Tensor	C_Delta_h	-0.016388	-0.37924	0.346464	-0.0164 [-0.3792, 0.3465]	0.185128	500	bootstrap_se_centered
Delta	Contrast: Robbery rate, log - Aggravated assault rate, log	masked_full15_obs3	Masked: 15 full rows	Local-Florida	NA	Matrix	C_Delta_h_matrix	7.62e-4	-0.373377	0.374901	0.0008 [-0.3734, 0.3749]	0.190887	500	bootstrap_se_centered
Delta	Contrast: Robbery rate, log - Aggravated assault rate, log	masked_full15_obs3	Masked: 15 full rows	Local-Montana	NA	Tensor	C_Delta_h	-0.413869	-0.850876	0.023138	-0.4139 [-0.8509, 0.0231]	0.222963	500	bootstrap_se_centered
Delta	Contrast: Robbery rate, log - Aggravated assault rate, log	masked_full15_obs3	Masked: 15 full rows	Local-Montana	NA	Matrix	C_Delta_h_matrix	0.036973	-0.395132	0.469078	0.0370 [-0.3951, 0.4691]	0.220462	500	bootstrap_se_centered
Delta	Contrast: Robbery rate, log - Aggravated assault rate, log	masked_full15_obs3	Masked: 15 full rows	Local-Texas	NA	Tensor	C_Delta_h	0.018891	-0.436568	0.47435	0.0189 [-0.4366, 0.4744]	0.232377	500	bootstrap_se_centered
Delta	Contrast: Robbery rate, log - Aggravated assault rate, log	masked_full15_obs3	Masked: 15 full rows	Local-Texas	NA	Matrix	C_Delta_h_matrix	0.096542	-0.339082	0.532166	0.0965 [-0.3391, 0.5322]	0.222257	500	bootstrap_se_centered
Delta	Contrast: Robbery rate, log - Aggravated assault rate, log	masked_full15_obs3	Masked: 15 full rows	RowHet	NA	Tensor	C_Delta_h	-0.07741	-0.170586	0.015766	-0.0774 [-0.1706, 0.0158]	0.047539	500	bootstrap_se_centered
Delta	Contrast: Robbery rate, log - Aggravated assault rate, log	masked_full15_obs3	Masked: 15 full rows	RowHet	NA	Matrix	C_Delta_h_matrix	0.001564	-0.079895	0.083023	0.0016 [-0.0799, 0.0830]	0.041561	500	bootstrap_se_centered
Delta	Contrast: Robbery rate, log - Aggravated assault rate, log	masked_full15_obs3	Masked: 15 full rows	Trend	NA	Tensor	C_Delta_h	-0.004441	-0.023033	0.014151	-0.0044 [-0.0230, 0.0142]	0.009486	500	bootstrap_se_centered
Delta	Contrast: Robbery rate, log - Aggravated assault rate, log	masked_full15_obs3	Masked: 15 full rows	Trend	NA	Matrix	C_Delta_h_matrix	-0.001169	-0.021133	0.018795	-0.0012 [-0.0211, 0.0188]	0.010186	500	bootstrap_se_centered
Delta	Contrast: Robbery rate, log - Aggravated assault rate, log	nonmasked_original	Non-masked	ATE	NA	Tensor	C_Delta_h	-0.070244	-0.18285	0.042362	-0.0702 [-0.1828, 0.0424]	0.057452	500	bootstrap_se_centered
Delta	Contrast: Robbery rate, log - Aggravated assault rate, log	nonmasked_original	Non-masked	ATE	NA	Matrix	C_Delta_h_matrix	-0.015878	-0.089838	0.058082	-0.0159 [-0.0898, 0.0581]	0.037735	500	bootstrap_se_centered
Delta	Contrast: Robbery rate, log - Aggravated assault rate, log	nonmasked_original	Non-masked	Local-Florida	NA	Tensor	C_Delta_h	0.071175	-0.349697	0.492047	0.0712 [-0.3497, 0.4920]	0.214731	500	bootstrap_se_centered
Delta	Contrast: Robbery rate, log - Aggravated assault rate, log	nonmasked_original	Non-masked	Local-Florida	NA	Matrix	C_Delta_h_matrix	0.060331	-0.261665	0.382327	0.0603 [-0.2617, 0.3823]	0.164284	500	bootstrap_se_centered
Delta	Contrast: Robbery rate, log - Aggravated assault rate, log	nonmasked_original	Non-masked	Local-Montana	NA	Tensor	C_Delta_h	-0.068357	-0.421717	0.285003	-0.0684 [-0.4217, 0.2850]	0.180286	500	bootstrap_se_centered
Delta	Contrast: Robbery rate, log - Aggravated assault rate, log	nonmasked_original	Non-masked	Local-Montana	NA	Matrix	C_Delta_h_matrix	0.305026	0.022692	0.58736	0.3050 [0.0227, 0.5874]	0.144048	500	bootstrap_se_centered
Delta	Contrast: Robbery rate, log - Aggravated assault rate, log	nonmasked_original	Non-masked	Local-Texas	NA	Tensor	C_Delta_h	0.011421	-0.402475	0.425317	0.0114 [-0.4025, 0.4253]	0.211171	500	bootstrap_se_centered
Delta	Contrast: Robbery rate, log - Aggravated assault rate, log	nonmasked_original	Non-masked	Local-Texas	NA	Matrix	C_Delta_h_matrix	0.062163	-0.168161	0.292487	0.0622 [-0.1682, 0.2925]	0.117512	500	bootstrap_se_centered
Delta	Contrast: Robbery rate, log - Aggravated assault rate, log	nonmasked_original	Non-masked	RowHet	NA	Tensor	C_Delta_h	-0.069222	-0.177877	0.039433	-0.0692 [-0.1779, 0.0394]	0.055436	500	bootstrap_se_centered
Delta	Contrast: Robbery rate, log - Aggravated assault rate, log	nonmasked_original	Non-masked	RowHet	NA	Matrix	C_Delta_h_matrix	-0.017631	-0.089773	0.054511	-0.0176 [-0.0898, 0.0545]	0.036807	500	bootstrap_se_centered
Delta	Contrast: Robbery rate, log - Aggravated assault rate, log	nonmasked_original	Non-masked	Trend	NA	Tensor	C_Delta_h	-0.159934	-0.231096	-0.088772	-0.1599 [-0.2311, -0.0888]	0.036307	500	bootstrap_se_centered
Delta	Contrast: Robbery rate, log - Aggravated assault rate, log	nonmasked_original	Non-masked	Trend	NA	Matrix	C_Delta_h_matrix	-0.098893	-0.191563	-0.006223	-0.0989 [-0.1916, -0.0062]	0.047281	500	bootstrap_se_centered
Psi0	Psi0: Robbery rate, log	masked_full5_obs3	Masked: 5 full rows	ATE	NA	Tensor	Psi0	4.606851	4.237491	4.976211	4.6069 [4.2375, 4.9762]	0.188449	500	bootstrap_se_centered
Psi0	Psi0: Robbery rate, log	masked_full5_obs3	Masked: 5 full rows	ATE	NA	Matrix	Psi0_matrix	4.44526	3.266816	5.623704	4.4453 [3.2668, 5.6237]	0.601247	500	bootstrap_se_centered
Psi0	Psi0: Robbery rate, log	masked_full5_obs3	Masked: 5 full rows	Local-Florida	NA	Tensor	Psi0	5.205787	3.360871	7.050703	5.2058 [3.3609, 7.0507]	0.941284	500	bootstrap_se_centered
Psi0	Psi0: Robbery rate, log	masked_full5_obs3	Masked: 5 full rows	Local-Florida	NA	Matrix	Psi0_matrix	5.337823	3.082807	7.592839	5.3378 [3.0828, 7.5928]	1.150518	500	bootstrap_se_centered
Psi0	Psi0: Robbery rate, log	masked_full5_obs3	Masked: 5 full rows	Local-Montana	NA	Tensor	Psi0	4.221254	2.304763	6.137745	4.2213 [2.3048, 6.1377]	0.977802	500	bootstrap_se_centered
Psi0	Psi0: Robbery rate, log	masked_full5_obs3	Masked: 5 full rows	Local-Montana	NA	Matrix	Psi0_matrix	3.376447	0.664401	6.088493	3.3764 [0.6644, 6.0885]	1.383697	500	bootstrap_se_centered
Psi0	Psi0: Robbery rate, log	masked_full5_obs3	Masked: 5 full rows	Local-Texas	NA	Tensor	Psi0	5.024137	3.179817	6.868457	5.0241 [3.1798, 6.8685]	0.94098	500	bootstrap_se_centered
Psi0	Psi0: Robbery rate, log	masked_full5_obs3	Masked: 5 full rows	Local-Texas	NA	Matrix	Psi0_matrix	5.090842	2.505802	7.675882	5.0908 [2.5058, 7.6759]	1.318898	500	bootstrap_se_centered
Psi0	Psi0: Robbery rate, log	masked_full5_obs3	Masked: 5 full rows	RowHet	NA	Tensor	Psi0	1.131079	0.850959	1.411199	1.1311 [0.8510, 1.4112]	0.142918	500	bootstrap_se_centered
Psi0	Psi0: Robbery rate, log	masked_full5_obs3	Masked: 5 full rows	RowHet	NA	Matrix	Psi0_matrix	0.997234	0.553235	1.441233	0.9972 [0.5532, 1.4412]	0.22653	500	bootstrap_se_centered
Psi0	Psi0: Robbery rate, log	masked_full5_obs3	Masked: 5 full rows	Trend	NA	Tensor	Psi0	-0.006099	-0.028763	0.016565	-0.0061 [-0.0288, 0.0166]	0.011563	500	bootstrap_se_centered
Psi0	Psi0: Robbery rate, log	masked_full5_obs3	Masked: 5 full rows	Trend	NA	Matrix	Psi0_matrix	-0.014598	-0.027298	-0.001898	-0.0146 [-0.0273, -0.0019]	0.00648	500	bootstrap_se_centered
Psi0	Psi0: Robbery rate, log	masked_full10_obs3	Masked: 10 full rows	ATE	NA	Tensor	Psi0	4.588724	4.340004	4.837444	4.5887 [4.3400, 4.8374]	0.126898	500	bootstrap_se_centered
Psi0	Psi0: Robbery rate, log	masked_full10_obs3	Masked: 10 full rows	ATE	NA	Matrix	Psi0_matrix	4.483393	4.074006	4.89278	4.4834 [4.0740, 4.8928]	0.208871	500	bootstrap_se_centered
Psi0	Psi0: Robbery rate, log	masked_full10_obs3	Masked: 10 full rows	Local-Florida	NA	Tensor	Psi0	5.205991	3.703026	6.708956	5.2060 [3.7030, 6.7090]	0.766819	500	bootstrap_se_centered
Psi0	Psi0: Robbery rate, log	masked_full10_obs3	Masked: 10 full rows	Local-Florida	NA	Matrix	Psi0_matrix	5.297664	3.595896	6.999432	5.2977 [3.5959, 6.9994]	0.868249	500	bootstrap_se_centered
Psi0	Psi0: Robbery rate, log	masked_full10_obs3	Masked: 10 full rows	Local-Montana	NA	Tensor	Psi0	3.581378	1.989665	5.173091	3.5814 [1.9897, 5.1731]	0.812098	500	bootstrap_se_centered
Psi0	Psi0: Robbery rate, log	masked_full10_obs3	Masked: 10 full rows	Local-Montana	NA	Matrix	Psi0_matrix	3.371032	1.636145	5.105919	3.3710 [1.6361, 5.1059]	0.885146	500	bootstrap_se_centered
Psi0	Psi0: Robbery rate, log	masked_full10_obs3	Masked: 10 full rows	Local-Texas	NA	Tensor	Psi0	5.139798	3.735857	6.543739	5.1398 [3.7359, 6.5437]	0.716296	500	bootstrap_se_centered
Psi0	Psi0: Robbery rate, log	masked_full10_obs3	Masked: 10 full rows	Local-Texas	NA	Matrix	Psi0_matrix	5.089094	3.548407	6.629781	5.0891 [3.5484, 6.6298]	0.786065	500	bootstrap_se_centered
Psi0	Psi0: Robbery rate, log	masked_full10_obs3	Masked: 10 full rows	RowHet	NA	Tensor	Psi0	1.568561	1.327653	1.809469	1.5686 [1.3277, 1.8095]	0.122912	500	bootstrap_se_centered
Psi0	Psi0: Robbery rate, log	masked_full10_obs3	Masked: 10 full rows	RowHet	NA	Matrix	Psi0_matrix	1.467703	1.179603	1.755803	1.4677 [1.1796, 1.7558]	0.14699	500	bootstrap_se_centered
Psi0	Psi0: Robbery rate, log	masked_full10_obs3	Masked: 10 full rows	Trend	NA	Tensor	Psi0	-0.011119	-0.030493	0.008255	-0.0111 [-0.0305, 0.0083]	0.009885	500	bootstrap_se_centered
Psi0	Psi0: Robbery rate, log	masked_full10_obs3	Masked: 10 full rows	Trend	NA	Matrix	Psi0_matrix	-0.013878	-0.031805	0.004049	-0.0139 [-0.0318, 0.0040]	0.009147	500	bootstrap_se_centered
Psi0	Psi0: Robbery rate, log	masked_full15_obs3	Masked: 15 full rows	ATE	NA	Tensor	Psi0	4.540283	4.286097	4.794469	4.5403 [4.2861, 4.7945]	0.129687	500	bootstrap_se_centered
Psi0	Psi0: Robbery rate, log	masked_full15_obs3	Masked: 15 full rows	ATE	NA	Matrix	Psi0_matrix	4.441433	4.166488	4.716378	4.4414 [4.1665, 4.7164]	0.140278	500	bootstrap_se_centered
Psi0	Psi0: Robbery rate, log	masked_full15_obs3	Masked: 15 full rows	Local-Florida	NA	Tensor	Psi0	5.178064	3.723581	6.632547	5.1781 [3.7236, 6.6325]	0.742083	500	bootstrap_se_centered
Psi0	Psi0: Robbery rate, log	masked_full15_obs3	Masked: 15 full rows	Local-Florida	NA	Matrix	Psi0_matrix	5.302648	3.783903	6.821393	5.3026 [3.7839, 6.8214]	0.77487	500	bootstrap_se_centered
Psi0	Psi0: Robbery rate, log	masked_full15_obs3	Masked: 15 full rows	Local-Montana	NA	Tensor	Psi0	3.633165	2.067888	5.198442	3.6332 [2.0679, 5.1984]	0.798611	500	bootstrap_se_centered
Psi0	Psi0: Robbery rate, log	masked_full15_obs3	Masked: 15 full rows	Local-Montana	NA	Matrix	Psi0_matrix	3.3045	1.714933	4.894067	3.3045 [1.7149, 4.8941]	0.811003	500	bootstrap_se_centered
Psi0	Psi0: Robbery rate, log	masked_full15_obs3	Masked: 15 full rows	Local-Texas	NA	Tensor	Psi0	5.100694	3.505001	6.696387	5.1007 [3.5050, 6.6964]	0.814129	500	bootstrap_se_centered
Psi0	Psi0: Robbery rate, log	masked_full15_obs3	Masked: 15 full rows	Local-Texas	NA	Matrix	Psi0_matrix	5.093311	3.404654	6.781968	5.0933 [3.4047, 6.7820]	0.86156	500	bootstrap_se_centered
Psi0	Psi0: Robbery rate, log	masked_full15_obs3	Masked: 15 full rows	RowHet	NA	Tensor	Psi0	1.911866	1.639585	2.184147	1.9119 [1.6396, 2.1841]	0.138919	500	bootstrap_se_centered
Psi0	Psi0: Robbery rate, log	masked_full15_obs3	Masked: 15 full rows	RowHet	NA	Matrix	Psi0_matrix	1.817643	1.532171	2.103115	1.8176 [1.5322, 2.1031]	0.145649	500	bootstrap_se_centered
Psi0	Psi0: Robbery rate, log	masked_full15_obs3	Masked: 15 full rows	Trend	NA	Tensor	Psi0	-0.01386	-0.026458	-0.001262	-0.0139 [-0.0265, -0.0013]	0.006428	500	bootstrap_se_centered
Psi0	Psi0: Robbery rate, log	masked_full15_obs3	Masked: 15 full rows	Trend	NA	Matrix	Psi0_matrix	-0.016069	-0.031356	-7.82e-4	-0.0161 [-0.0314, -0.0008]	0.007799	500	bootstrap_se_centered
Psi0	Psi0: Robbery rate, log	nonmasked_original	Non-masked	ATE	NA	Tensor	Psi0	4.5649	4.210764	4.919036	4.5649 [4.2108, 4.9190]	0.180681	500	bootstrap_se_centered
Psi0	Psi0: Robbery rate, log	nonmasked_original	Non-masked	ATE	NA	Matrix	Psi0_matrix	4.507028	4.145052	4.869004	4.5070 [4.1451, 4.8690]	0.184682	500	bootstrap_se_centered
Psi0	Psi0: Robbery rate, log	nonmasked_original	Non-masked	Local-Florida	NA	Tensor	Psi0	5.124635	3.573872	6.675398	5.1246 [3.5739, 6.6754]	0.791206	500	bootstrap_se_centered
Psi0	Psi0: Robbery rate, log	nonmasked_original	Non-masked	Local-Florida	NA	Matrix	Psi0_matrix	5.196105	3.597782	6.794428	5.1961 [3.5978, 6.7944]	0.815471	500	bootstrap_se_centered
Psi0	Psi0: Robbery rate, log	nonmasked_original	Non-masked	Local-Montana	NA	Tensor	Psi0	3.16656	1.638572	4.694548	3.1666 [1.6386, 4.6945]	0.779586	500	bootstrap_se_centered
Psi0	Psi0: Robbery rate, log	nonmasked_original	Non-masked	Local-Montana	NA	Matrix	Psi0_matrix	2.960383	1.457761	4.463005	2.9604 [1.4578, 4.4630]	0.766644	500	bootstrap_se_centered
Psi0	Psi0: Robbery rate, log	nonmasked_original	Non-masked	Local-Texas	NA	Tensor	Psi0	5.053302	3.470391	6.636213	5.0533 [3.4704, 6.6362]	0.807607	500	bootstrap_se_centered
Psi0	Psi0: Robbery rate, log	nonmasked_original	Non-masked	Local-Texas	NA	Matrix	Psi0_matrix	4.99803	3.424572	6.571488	4.9980 [3.4246, 6.5715]	0.802785	500	bootstrap_se_centered
Psi0	Psi0: Robbery rate, log	nonmasked_original	Non-masked	RowHet	NA	Tensor	Psi0	4.04652	3.683594	4.409446	4.0465 [3.6836, 4.4094]	0.185166	500	bootstrap_se_centered
Psi0	Psi0: Robbery rate, log	nonmasked_original	Non-masked	RowHet	NA	Matrix	Psi0_matrix	3.994705	3.623657	4.365753	3.9947 [3.6237, 4.3658]	0.18931	500	bootstrap_se_centered
Psi0	Psi0: Robbery rate, log	nonmasked_original	Non-masked	Trend	NA	Tensor	Psi0	-0.061933	-0.078815	-0.045051	-0.0619 [-0.0788, -0.0451]	0.0086130000000000009	500	bootstrap_se_centered
Psi0	Psi0: Robbery rate, log	nonmasked_original	Non-masked	Trend	NA	Matrix	Psi0_matrix	-0.088118	-0.136066	-0.04017	-0.0881 [-0.1361, -0.0402]	0.024463	500	bootstrap_se_centered
Psi0	Psi0: Aggravated assault rate, log	masked_full5_obs3	Masked: 5 full rows	ATE	NA	Tensor	Psi0	5.525212	5.22418	5.826244	5.5252 [5.2242, 5.8262]	0.153588	500	bootstrap_se_centered
Psi0	Psi0: Aggravated assault rate, log	masked_full5_obs3	Masked: 5 full rows	ATE	NA	Matrix	Psi0_matrix	5.449654	4.097147	6.802161	5.4497 [4.0971, 6.8022]	0.690055	500	bootstrap_se_centered
Psi0	Psi0: Aggravated assault rate, log	masked_full5_obs3	Masked: 5 full rows	Local-Florida	NA	Tensor	Psi0	6.136772	5.032941	7.240603	6.1368 [5.0329, 7.2406]	0.563179	500	bootstrap_se_centered
Psi0	Psi0: Aggravated assault rate, log	masked_full5_obs3	Masked: 5 full rows	Local-Florida	NA	Matrix	Psi0_matrix	6.293312	3.411526	9.175098	6.2933 [3.4115, 9.1751]	1.470299	500	bootstrap_se_centered
Psi0	Psi0: Aggravated assault rate, log	masked_full5_obs3	Masked: 5 full rows	Local-Montana	NA	Tensor	Psi0	6.006514	4.648621	7.364407	6.0065 [4.6486, 7.3644]	0.692802	500	bootstrap_se_centered
Psi0	Psi0: Aggravated assault rate, log	masked_full5_obs3	Masked: 5 full rows	Local-Montana	NA	Matrix	Psi0_matrix	5.876643	2.453014	9.300272	5.8766 [2.4530, 9.3003]	1.74675	500	bootstrap_se_centered
Psi0	Psi0: Aggravated assault rate, log	masked_full5_obs3	Masked: 5 full rows	Local-Texas	NA	Tensor	Psi0	5.818303	4.606287	7.030319	5.8183 [4.6063, 7.0303]	0.618376	500	bootstrap_se_centered
Psi0	Psi0: Aggravated assault rate, log	masked_full5_obs3	Masked: 5 full rows	Local-Texas	NA	Matrix	Psi0_matrix	5.955165	3.100479	8.809851	5.9552 [3.1005, 8.8099]	1.456473	500	bootstrap_se_centered
Psi0	Psi0: Aggravated assault rate, log	masked_full5_obs3	Masked: 5 full rows	RowHet	NA	Tensor	Psi0	1.478382	1.284776	1.671988	1.4784 [1.2848, 1.6720]	0.098778	500	bootstrap_se_centered
Psi0	Psi0: Aggravated assault rate, log	masked_full5_obs3	Masked: 5 full rows	RowHet	NA	Matrix	Psi0_matrix	1.418963	0.872514	1.965412	1.4190 [0.8725, 1.9654]	0.278801	500	bootstrap_se_centered
Psi0	Psi0: Aggravated assault rate, log	masked_full5_obs3	Masked: 5 full rows	Trend	NA	Tensor	Psi0	-0.005502	-0.026347	0.015343	-0.0055 [-0.0263, 0.0153]	0.010635	500	bootstrap_se_centered
Psi0	Psi0: Aggravated assault rate, log	masked_full5_obs3	Masked: 5 full rows	Trend	NA	Matrix	Psi0_matrix	-0.018751	-0.042559	0.005057	-0.0188 [-0.0426, 0.0051]	0.012147	500	bootstrap_se_centered
Psi0	Psi0: Aggravated assault rate, log	masked_full10_obs3	Masked: 10 full rows	ATE	NA	Tensor	Psi0	5.512131	5.317692	5.70657	5.5121 [5.3177, 5.7066]	0.099203	500	bootstrap_se_centered
Psi0	Psi0: Aggravated assault rate, log	masked_full10_obs3	Masked: 10 full rows	ATE	NA	Matrix	Psi0_matrix	5.470889	5.137392	5.804386	5.4709 [5.1374, 5.8044]	0.170151	500	bootstrap_se_centered
Psi0	Psi0: Aggravated assault rate, log	masked_full10_obs3	Masked: 10 full rows	Local-Florida	NA	Tensor	Psi0	6.13404	5.101648	7.166432	6.1340 [5.1016, 7.1664]	0.526731	500	bootstrap_se_centered
Psi0	Psi0: Aggravated assault rate, log	masked_full10_obs3	Masked: 10 full rows	Local-Florida	NA	Matrix	Psi0_matrix	6.273329	4.84978	7.696878	6.2733 [4.8498, 7.6969]	0.726301	500	bootstrap_se_centered
Psi0	Psi0: Aggravated assault rate, log	masked_full10_obs3	Masked: 10 full rows	Local-Montana	NA	Tensor	Psi0	5.668103	4.58841	6.747796	5.6681 [4.5884, 6.7478]	0.550864	500	bootstrap_se_centered
Psi0	Psi0: Aggravated assault rate, log	masked_full10_obs3	Masked: 10 full rows	Local-Montana	NA	Matrix	Psi0_matrix	5.94934	4.43814	7.46054	5.9493 [4.4381, 7.4605]	0.77102	500	bootstrap_se_centered
Psi0	Psi0: Aggravated assault rate, log	masked_full10_obs3	Masked: 10 full rows	Local-Texas	NA	Tensor	Psi0	5.85386	4.861996	6.845724	5.8539 [4.8620, 6.8457]	0.506053	500	bootstrap_se_centered
Psi0	Psi0: Aggravated assault rate, log	masked_full10_obs3	Masked: 10 full rows	Local-Texas	NA	Matrix	Psi0_matrix	5.954373	4.643352	7.265394	5.9544 [4.6434, 7.2654]	0.668888	500	bootstrap_se_centered
Psi0	Psi0: Aggravated assault rate, log	masked_full10_obs3	Masked: 10 full rows	RowHet	NA	Tensor	Psi0	1.988955	1.80728	2.17063	1.9890 [1.8073, 2.1706]	0.092691	500	bootstrap_se_centered
Psi0	Psi0: Aggravated assault rate, log	masked_full10_obs3	Masked: 10 full rows	RowHet	NA	Matrix	Psi0_matrix	1.969568	1.731065	2.208071	1.9696 [1.7311, 2.2081]	0.121685	500	bootstrap_se_centered
Psi0	Psi0: Aggravated assault rate, log	masked_full10_obs3	Masked: 10 full rows	Trend	NA	Tensor	Psi0	-0.015349	-0.028142	-0.002556	-0.0153 [-0.0281, -0.0026]	0.006527	500	bootstrap_se_centered
Psi0	Psi0: Aggravated assault rate, log	masked_full10_obs3	Masked: 10 full rows	Trend	NA	Matrix	Psi0_matrix	-0.012226	-0.02727	0.002818	-0.0122 [-0.0273, 0.0028]	0.007676	500	bootstrap_se_centered
Psi0	Psi0: Aggravated assault rate, log	masked_full15_obs3	Masked: 15 full rows	ATE	NA	Tensor	Psi0	5.484973	5.276188	5.693758	5.4850 [5.2762, 5.6938]	0.106523	500	bootstrap_se_centered
Psi0	Psi0: Aggravated assault rate, log	masked_full15_obs3	Masked: 15 full rows	ATE	NA	Matrix	Psi0_matrix	5.426996	5.215086	5.638906	5.4270 [5.2151, 5.6389]	0.108118	500	bootstrap_se_centered
Psi0	Psi0: Aggravated assault rate, log	masked_full15_obs3	Masked: 15 full rows	Local-Florida	NA	Tensor	Psi0	6.110858	5.12231	7.099406	6.1109 [5.1223, 7.0994]	0.504361	500	bootstrap_se_centered
Psi0	Psi0: Aggravated assault rate, log	masked_full15_obs3	Masked: 15 full rows	Local-Florida	NA	Matrix	Psi0_matrix	6.252591	5.147274	7.357908	6.2526 [5.1473, 7.3579]	0.563937	500	bootstrap_se_centered
Psi0	Psi0: Aggravated assault rate, log	masked_full15_obs3	Masked: 15 full rows	Local-Montana	NA	Tensor	Psi0	5.640451	4.509586	6.771316	5.6405 [4.5096, 6.7713]	0.576972	500	bootstrap_se_centered
Psi0	Psi0: Aggravated assault rate, log	masked_full15_obs3	Masked: 15 full rows	Local-Montana	NA	Matrix	Psi0_matrix	5.762629	4.53734	6.987918	5.7626 [4.5373, 6.9879]	0.625148	500	bootstrap_se_centered
Psi0	Psi0: Aggravated assault rate, log	masked_full15_obs3	Masked: 15 full rows	Local-Texas	NA	Tensor	Psi0	5.831473	4.689979	6.972967	5.8315 [4.6900, 6.9730]	0.582395	500	bootstrap_se_centered
Psi0	Psi0: Aggravated assault rate, log	masked_full15_obs3	Masked: 15 full rows	Local-Texas	NA	Matrix	Psi0_matrix	5.90174	4.65057	7.15291	5.9017 [4.6506, 7.1529]	0.638352	500	bootstrap_se_centered
Psi0	Psi0: Aggravated assault rate, log	masked_full15_obs3	Masked: 15 full rows	RowHet	NA	Tensor	Psi0	2.416797	2.211486	2.622108	2.4168 [2.2115, 2.6221]	0.104751	500	bootstrap_se_centered
Psi0	Psi0: Aggravated assault rate, log	masked_full15_obs3	Masked: 15 full rows	RowHet	NA	Matrix	Psi0_matrix	2.401548	2.192005	2.611091	2.4015 [2.1920, 2.6111]	0.10691	500	bootstrap_se_centered
Psi0	Psi0: Aggravated assault rate, log	masked_full15_obs3	Masked: 15 full rows	Trend	NA	Tensor	Psi0	-0.013692	-0.026699	-6.85e-4	-0.0137 [-0.0267, -0.0007]	0.006636	500	bootstrap_se_centered
Psi0	Psi0: Aggravated assault rate, log	masked_full15_obs3	Masked: 15 full rows	Trend	NA	Matrix	Psi0_matrix	-0.01263	-0.023411	-0.001849	-0.0126 [-0.0234, -0.0018]	0.0055	500	bootstrap_se_centered
Psi0	Psi0: Aggravated assault rate, log	nonmasked_original	Non-masked	ATE	NA	Tensor	Psi0	5.601655	5.348066	5.855244	5.6017 [5.3481, 5.8552]	0.129382	500	bootstrap_se_centered
Psi0	Psi0: Aggravated assault rate, log	nonmasked_original	Non-masked	ATE	NA	Matrix	Psi0_matrix	5.598149	5.352138	5.84416	5.5981 [5.3521, 5.8442]	0.125516	500	bootstrap_se_centered
Psi0	Psi0: Aggravated assault rate, log	nonmasked_original	Non-masked	Local-Florida	NA	Tensor	Psi0	6.119929	5.06262	7.177238	6.1199 [5.0626, 7.1772]	0.539444	500	bootstrap_se_centered
Psi0	Psi0: Aggravated assault rate, log	nonmasked_original	Non-masked	Local-Florida	NA	Matrix	Psi0_matrix	6.180554	5.046024	7.315084	6.1806 [5.0460, 7.3151]	0.578842	500	bootstrap_se_centered
Psi0	Psi0: Aggravated assault rate, log	nonmasked_original	Non-masked	Local-Montana	NA	Tensor	Psi0	5.544777	4.554939	6.534615	5.5448 [4.5549, 6.5346]	0.50502	500	bootstrap_se_centered
Psi0	Psi0: Aggravated assault rate, log	nonmasked_original	Non-masked	Local-Montana	NA	Matrix	Psi0_matrix	5.711983	4.827016	6.59695	5.7120 [4.8270, 6.5969]	0.451514	500	bootstrap_se_centered
Psi0	Psi0: Aggravated assault rate, log	nonmasked_original	Non-masked	Local-Texas	NA	Tensor	Psi0	5.761847	4.684908	6.838786	5.7618 [4.6849, 6.8388]	0.549459	500	bootstrap_se_centered
Psi0	Psi0: Aggravated assault rate, log	nonmasked_original	Non-masked	Local-Texas	NA	Matrix	Psi0_matrix	5.757316	4.730411	6.784221	5.7573 [4.7304, 6.7842]	0.523931	500	bootstrap_se_centered
Psi0	Psi0: Aggravated assault rate, log	nonmasked_original	Non-masked	RowHet	NA	Tensor	Psi0	4.983278	4.72521	5.241346	4.9833 [4.7252, 5.2413]	0.131668	500	bootstrap_se_centered
Psi0	Psi0: Aggravated assault rate, log	nonmasked_original	Non-masked	RowHet	NA	Matrix	Psi0_matrix	4.983054	4.73046	5.235648	4.9831 [4.7305, 5.2356]	0.128875	500	bootstrap_se_centered
Psi0	Psi0: Aggravated assault rate, log	nonmasked_original	Non-masked	Trend	NA	Tensor	Psi0	-0.069567	-0.081817	-0.057317	-0.0696 [-0.0818, -0.0573]	0.00625	500	bootstrap_se_centered
Psi0	Psi0: Aggravated assault rate, log	nonmasked_original	Non-masked	Trend	NA	Matrix	Psi0_matrix	-0.034711	-0.063473	-0.005949	-0.0347 [-0.0635, -0.0059]	0.014675	500	bootstrap_se_centered
Psi0	Contrast Psi0: Robbery rate, log - Aggravated assault rate, log	masked_full5_obs3	Masked: 5 full rows	ATE	NA	Tensor	C_Psi0	-0.918361	-1.283288	-0.553434	-0.9184 [-1.2833, -0.5534]	0.186187	500	bootstrap_se_centered
Psi0	Contrast Psi0: Robbery rate, log - Aggravated assault rate, log	masked_full5_obs3	Masked: 5 full rows	ATE	NA	Matrix	C_Psi0_matrix	-1.004394	-2.461859	0.453071	-1.0044 [-2.4619, 0.4531]	0.743605	500	bootstrap_se_centered
Psi0	Contrast Psi0: Robbery rate, log - Aggravated assault rate, log	masked_full5_obs3	Masked: 5 full rows	Local-Florida	NA	Tensor	C_Psi0	-0.930985	-2.44923	0.58726	-0.9310 [-2.4492, 0.5873]	0.774615	500	bootstrap_se_centered
Psi0	Contrast Psi0: Robbery rate, log - Aggravated assault rate, log	masked_full5_obs3	Masked: 5 full rows	Local-Florida	NA	Matrix	C_Psi0_matrix	-0.955489	-4.061041	2.150063	-0.9555 [-4.0610, 2.1501]	1.584465	500	bootstrap_se_centered
Psi0	Contrast Psi0: Robbery rate, log - Aggravated assault rate, log	masked_full5_obs3	Masked: 5 full rows	Local-Montana	NA	Tensor	C_Psi0	-1.78526	-3.367417	-0.203103	-1.7853 [-3.3674, -0.2031]	0.807223	500	bootstrap_se_centered
Psi0	Contrast Psi0: Robbery rate, log - Aggravated assault rate, log	masked_full5_obs3	Masked: 5 full rows	Local-Montana	NA	Matrix	C_Psi0_matrix	-2.500196	-6.16555	1.165158	-2.5002 [-6.1656, 1.1652]	1.870079	500	bootstrap_se_centered
Psi0	Contrast Psi0: Robbery rate, log - Aggravated assault rate, log	masked_full5_obs3	Masked: 5 full rows	Local-Texas	NA	Tensor	C_Psi0	-0.794166	-2.224127	0.635795	-0.7942 [-2.2241, 0.6358]	0.729572	500	bootstrap_se_centered
Psi0	Contrast Psi0: Robbery rate, log - Aggravated assault rate, log	masked_full5_obs3	Masked: 5 full rows	Local-Texas	NA	Matrix	C_Psi0_matrix	-0.864323	-4.381335	2.652689	-0.8643 [-4.3813, 2.6527]	1.794394	500	bootstrap_se_centered
Psi0	Contrast Psi0: Robbery rate, log - Aggravated assault rate, log	masked_full5_obs3	Masked: 5 full rows	RowHet	NA	Tensor	C_Psi0	-0.347303	-0.575231	-0.119375	-0.3473 [-0.5752, -0.1194]	0.11629	500	bootstrap_se_centered
Psi0	Contrast Psi0: Robbery rate, log - Aggravated assault rate, log	masked_full5_obs3	Masked: 5 full rows	RowHet	NA	Matrix	C_Psi0_matrix	-0.421729	-1.030526	0.187068	-0.4217 [-1.0305, 0.1871]	0.310611	500	bootstrap_se_centered
Psi0	Contrast Psi0: Robbery rate, log - Aggravated assault rate, log	masked_full5_obs3	Masked: 5 full rows	Trend	NA	Tensor	C_Psi0	-5.97e-4	-0.028498	0.027304	-0.0006 [-0.0285, 0.0273]	0.014235	500	bootstrap_se_centered
Psi0	Contrast Psi0: Robbery rate, log - Aggravated assault rate, log	masked_full5_obs3	Masked: 5 full rows	Trend	NA	Matrix	C_Psi0_matrix	0.004153	-0.026664	0.03497	0.0042 [-0.0267, 0.0350]	0.015723	500	bootstrap_se_centered
Psi0	Contrast Psi0: Robbery rate, log - Aggravated assault rate, log	masked_full10_obs3	Masked: 10 full rows	ATE	NA	Tensor	C_Psi0	-0.923407	-1.129083	-0.717731	-0.9234 [-1.1291, -0.7177]	0.104937	500	bootstrap_se_centered
Psi0	Contrast Psi0: Robbery rate, log - Aggravated assault rate, log	masked_full10_obs3	Masked: 10 full rows	ATE	NA	Matrix	C_Psi0_matrix	-0.987496	-1.438829	-0.536163	-0.9875 [-1.4388, -0.5362]	0.230272	500	bootstrap_se_centered
Psi0	Contrast Psi0: Robbery rate, log - Aggravated assault rate, log	masked_full10_obs3	Masked: 10 full rows	Local-Florida	NA	Tensor	C_Psi0	-0.928049	-2.014012	0.157914	-0.9280 [-2.0140, 0.1579]	0.554063	500	bootstrap_se_centered
Psi0	Contrast Psi0: Robbery rate, log - Aggravated assault rate, log	masked_full10_obs3	Masked: 10 full rows	Local-Florida	NA	Matrix	C_Psi0_matrix	-0.975665	-2.412139	0.460809	-0.9757 [-2.4121, 0.4608]	0.732895	500	bootstrap_se_centered
Psi0	Contrast Psi0: Robbery rate, log - Aggravated assault rate, log	masked_full10_obs3	Masked: 10 full rows	Local-Montana	NA	Tensor	C_Psi0	-2.086725	-3.253061	-0.920389	-2.0867 [-3.2531, -0.9204]	0.595069	500	bootstrap_se_centered
Psi0	Contrast Psi0: Robbery rate, log - Aggravated assault rate, log	masked_full10_obs3	Masked: 10 full rows	Local-Montana	NA	Matrix	C_Psi0_matrix	-2.578308	-4.22467	-0.931946	-2.5783 [-4.2247, -0.9319]	0.839981	500	bootstrap_se_centered
Psi0	Contrast Psi0: Robbery rate, log - Aggravated assault rate, log	masked_full10_obs3	Masked: 10 full rows	Local-Texas	NA	Tensor	C_Psi0	-0.714062	-1.766298	0.338174	-0.7141 [-1.7663, 0.3382]	0.536855	500	bootstrap_se_centered
Psi0	Contrast Psi0: Robbery rate, log - Aggravated assault rate, log	masked_full10_obs3	Masked: 10 full rows	Local-Texas	NA	Matrix	C_Psi0_matrix	-0.865279	-2.238273	0.507715	-0.8653 [-2.2383, 0.5077]	0.700507	500	bootstrap_se_centered
Psi0	Contrast Psi0: Robbery rate, log - Aggravated assault rate, log	masked_full10_obs3	Masked: 10 full rows	RowHet	NA	Tensor	C_Psi0	-0.420394	-0.597953	-0.242835	-0.4204 [-0.5980, -0.2428]	0.090591	500	bootstrap_se_centered
Psi0	Contrast Psi0: Robbery rate, log - Aggravated assault rate, log	masked_full10_obs3	Masked: 10 full rows	RowHet	NA	Matrix	C_Psi0_matrix	-0.501865	-0.772498	-0.231232	-0.5019 [-0.7725, -0.2312]	0.138078	500	bootstrap_se_centered
Psi0	Contrast Psi0: Robbery rate, log - Aggravated assault rate, log	masked_full10_obs3	Masked: 10 full rows	Trend	NA	Tensor	C_Psi0	0.00423	-0.0177	0.02616	0.0042 [-0.0177, 0.0262]	0.011189	500	bootstrap_se_centered
Psi0	Contrast Psi0: Robbery rate, log - Aggravated assault rate, log	masked_full10_obs3	Masked: 10 full rows	Trend	NA	Matrix	C_Psi0_matrix	-0.001652	-0.023833	0.020529	-0.0017 [-0.0238, 0.0205]	0.011317	500	bootstrap_se_centered
Psi0	Contrast Psi0: Robbery rate, log - Aggravated assault rate, log	masked_full15_obs3	Masked: 15 full rows	ATE	NA	Tensor	C_Psi0	-0.94469	-1.15334	-0.73604	-0.9447 [-1.1533, -0.7360]	0.106454	500	bootstrap_se_centered
Psi0	Contrast Psi0: Robbery rate, log - Aggravated assault rate, log	masked_full15_obs3	Masked: 15 full rows	ATE	NA	Matrix	C_Psi0_matrix	-0.985563	-1.21332	-0.757806	-0.9856 [-1.2133, -0.7578]	0.116203	500	bootstrap_se_centered
Psi0	Contrast Psi0: Robbery rate, log - Aggravated assault rate, log	masked_full15_obs3	Masked: 15 full rows	Local-Florida	NA	Tensor	C_Psi0	-0.932794	-2.034272	0.168684	-0.9328 [-2.0343, 0.1687]	0.561979	500	bootstrap_se_centered
Psi0	Contrast Psi0: Robbery rate, log - Aggravated assault rate, log	masked_full15_obs3	Masked: 15 full rows	Local-Florida	NA	Matrix	C_Psi0_matrix	-0.949943	-2.151966	0.25208	-0.9499 [-2.1520, 0.2521]	0.613277	500	bootstrap_se_centered
Psi0	Contrast Psi0: Robbery rate, log - Aggravated assault rate, log	masked_full15_obs3	Masked: 15 full rows	Local-Montana	NA	Tensor	C_Psi0	-2.007286	-3.106633	-0.907939	-2.0073 [-3.1066, -0.9079]	0.560891	500	bootstrap_se_centered
Psi0	Contrast Psi0: Robbery rate, log - Aggravated assault rate, log	masked_full15_obs3	Masked: 15 full rows	Local-Montana	NA	Matrix	C_Psi0_matrix	-2.458129	-3.646416	-1.269842	-2.4581 [-3.6464, -1.2698]	0.606269	500	bootstrap_se_centered
Psi0	Contrast Psi0: Robbery rate, log - Aggravated assault rate, log	masked_full15_obs3	Masked: 15 full rows	Local-Texas	NA	Tensor	C_Psi0	-0.730779	-1.807165	0.345607	-0.7308 [-1.8072, 0.3456]	0.549176	500	bootstrap_se_centered
Psi0	Contrast Psi0: Robbery rate, log - Aggravated assault rate, log	masked_full15_obs3	Masked: 15 full rows	Local-Texas	NA	Matrix	C_Psi0_matrix	-0.808429	-2.007266	0.390408	-0.8084 [-2.0073, 0.3904]	0.611652	500	bootstrap_se_centered
Psi0	Contrast Psi0: Robbery rate, log - Aggravated assault rate, log	masked_full15_obs3	Masked: 15 full rows	RowHet	NA	Tensor	C_Psi0	-0.504931	-0.690005	-0.319857	-0.5049 [-0.6900, -0.3199]	0.094426	500	bootstrap_se_centered
Psi0	Contrast Psi0: Robbery rate, log - Aggravated assault rate, log	masked_full15_obs3	Masked: 15 full rows	RowHet	NA	Matrix	C_Psi0_matrix	-0.583905	-0.784518	-0.383292	-0.5839 [-0.7845, -0.3833]	0.102353	500	bootstrap_se_centered
Psi0	Contrast Psi0: Robbery rate, log - Aggravated assault rate, log	masked_full15_obs3	Masked: 15 full rows	Trend	NA	Tensor	C_Psi0	-1.68e-4	-0.015969	0.015633	-0.0002 [-0.0160, 0.0156]	0.008061	500	bootstrap_se_centered
Psi0	Contrast Psi0: Robbery rate, log - Aggravated assault rate, log	masked_full15_obs3	Masked: 15 full rows	Trend	NA	Matrix	C_Psi0_matrix	-0.0034390000000000002	-0.020173	0.013295	-0.0034 [-0.0202, 0.0133]	0.008538	500	bootstrap_se_centered
Psi0	Contrast Psi0: Robbery rate, log - Aggravated assault rate, log	nonmasked_original	Non-masked	ATE	NA	Tensor	C_Psi0	-1.036755	-1.27024	-0.80327	-1.0368 [-1.2702, -0.8033]	0.119125	500	bootstrap_se_centered
Psi0	Contrast Psi0: Robbery rate, log - Aggravated assault rate, log	nonmasked_original	Non-masked	ATE	NA	Matrix	C_Psi0_matrix	-1.091121	-1.359291	-0.822951	-1.0911 [-1.3593, -0.8230]	0.136821	500	bootstrap_se_centered
Psi0	Contrast Psi0: Robbery rate, log - Aggravated assault rate, log	nonmasked_original	Non-masked	Local-Florida	NA	Tensor	C_Psi0	-0.995294	-2.046547	0.055959	-0.9953 [-2.0465, 0.0560]	0.536354	500	bootstrap_se_centered
Psi0	Contrast Psi0: Robbery rate, log - Aggravated assault rate, log	nonmasked_original	Non-masked	Local-Florida	NA	Matrix	C_Psi0_matrix	-0.984449	-2.179724	0.210826	-0.9844 [-2.1797, 0.2108]	0.609834	500	bootstrap_se_centered
Psi0	Contrast Psi0: Robbery rate, log - Aggravated assault rate, log	nonmasked_original	Non-masked	Local-Montana	NA	Tensor	C_Psi0	-2.378217	-3.523228	-1.233206	-2.3782 [-3.5232, -1.2332]	0.584189	500	bootstrap_se_centered
Psi0	Contrast Psi0: Robbery rate, log - Aggravated assault rate, log	nonmasked_original	Non-masked	Local-Montana	NA	Matrix	C_Psi0_matrix	-2.7516	-4.12903	-1.37417	-2.7516 [-4.1290, -1.3742]	0.70277	500	bootstrap_se_centered
Psi0	Contrast Psi0: Robbery rate, log - Aggravated assault rate, log	nonmasked_original	Non-masked	Local-Texas	NA	Tensor	C_Psi0	-0.708545	-1.820575	0.403485	-0.7085 [-1.8206, 0.4035]	0.567362	500	bootstrap_se_centered
Psi0	Contrast Psi0: Robbery rate, log - Aggravated assault rate, log	nonmasked_original	Non-masked	Local-Texas	NA	Matrix	C_Psi0_matrix	-0.759286	-2.112513	0.593941	-0.7593 [-2.1125, 0.5939]	0.690422	500	bootstrap_se_centered
Psi0	Contrast Psi0: Robbery rate, log - Aggravated assault rate, log	nonmasked_original	Non-masked	RowHet	NA	Tensor	C_Psi0	-0.936758	-1.169199	-0.704317	-0.9368 [-1.1692, -0.7043]	0.118592	500	bootstrap_se_centered
Psi0	Contrast Psi0: Robbery rate, log - Aggravated assault rate, log	nonmasked_original	Non-masked	RowHet	NA	Matrix	C_Psi0_matrix	-0.988349	-1.257646	-0.719052	-0.9883 [-1.2576, -0.7191]	0.137396	500	bootstrap_se_centered
Psi0	Contrast Psi0: Robbery rate, log - Aggravated assault rate, log	nonmasked_original	Non-masked	Trend	NA	Tensor	C_Psi0	0.007634	-0.010728	0.025996	0.0076 [-0.0107, 0.0260]	0.009368	500	bootstrap_se_centered
Psi0	Contrast Psi0: Robbery rate, log - Aggravated assault rate, log	nonmasked_original	Non-masked	Trend	NA	Matrix	C_Psi0_matrix	-0.053407	-0.107463	0.00064899999999999995	-0.0534 [-0.1075, 0.0006]	0.02758	500	bootstrap_se_centered
Psi1	Psi1: Robbery rate, log	masked_full5_obs3	Masked: 5 full rows	ATE	NA	Tensor	Psi1	4.387113	4.165412	4.608814	4.3871 [4.1654, 4.6088]	0.113113	500	bootstrap_se_centered
Psi1	Psi1: Robbery rate, log	masked_full5_obs3	Masked: 5 full rows	ATE	NA	Matrix	Psi1_matrix	4.387113	4.165412	4.608814	4.3871 [4.1654, 4.6088]	0.113113	500	bootstrap_se_centered
Psi1	Psi1: Robbery rate, log	masked_full5_obs3	Masked: 5 full rows	Local-Florida	NA	Tensor	Psi1	5.192436	3.61727	6.767602	5.1924 [3.6173, 6.7676]	0.803656	500	bootstrap_se_centered
Psi1	Psi1: Robbery rate, log	masked_full5_obs3	Masked: 5 full rows	Local-Florida	NA	Matrix	Psi1_matrix	5.192436	3.61727	6.767602	5.1924 [3.6173, 6.7676]	0.803656	500	bootstrap_se_centered
Psi1	Psi1: Robbery rate, log	masked_full5_obs3	Masked: 5 full rows	Local-Montana	NA	Tensor	Psi1	3.140446	1.514657	4.766235	3.1404 [1.5147, 4.7662]	0.829484	500	bootstrap_se_centered
Psi1	Psi1: Robbery rate, log	masked_full5_obs3	Masked: 5 full rows	Local-Montana	NA	Matrix	Psi1_matrix	3.140446	1.514657	4.766235	3.1404 [1.5147, 4.7662]	0.829484	500	bootstrap_se_centered
Psi1	Psi1: Robbery rate, log	masked_full5_obs3	Masked: 5 full rows	Local-Texas	NA	Tensor	Psi1	5.065329	3.477621	6.653037	5.0653 [3.4776, 6.6530]	0.810055	500	bootstrap_se_centered
Psi1	Psi1: Robbery rate, log	masked_full5_obs3	Masked: 5 full rows	Local-Texas	NA	Matrix	Psi1_matrix	5.065329	3.477621	6.653037	5.0653 [3.4776, 6.6530]	0.810055	500	bootstrap_se_centered
Psi1	Psi1: Robbery rate, log	masked_full5_obs3	Masked: 5 full rows	RowHet	NA	Tensor	Psi1	1.004392	0.774075	1.234709	1.0044 [0.7741, 1.2347]	0.117508	500	bootstrap_se_centered
Psi1	Psi1: Robbery rate, log	masked_full5_obs3	Masked: 5 full rows	RowHet	NA	Matrix	Psi1_matrix	1.004392	0.774075	1.234709	1.0044 [0.7741, 1.2347]	0.117508	500	bootstrap_se_centered
Psi1	Psi1: Robbery rate, log	masked_full5_obs3	Masked: 5 full rows	Trend	NA	Tensor	Psi1	-0.009946	-0.017675	-0.002217	-0.0099 [-0.0177, -0.0022]	0.003944	500	bootstrap_se_centered
Psi1	Psi1: Robbery rate, log	masked_full5_obs3	Masked: 5 full rows	Trend	NA	Matrix	Psi1_matrix	-0.009946	-0.017675	-0.002217	-0.0099 [-0.0177, -0.0022]	0.003944	500	bootstrap_se_centered
Psi1	Psi1: Robbery rate, log	masked_full10_obs3	Masked: 10 full rows	ATE	NA	Tensor	Psi1	4.449247	4.205797	4.692697	4.4492 [4.2058, 4.6927]	0.124209	500	bootstrap_se_centered
Psi1	Psi1: Robbery rate, log	masked_full10_obs3	Masked: 10 full rows	ATE	NA	Matrix	Psi1_matrix	4.449247	4.205797	4.692697	4.4492 [4.2058, 4.6927]	0.124209	500	bootstrap_se_centered
Psi1	Psi1: Robbery rate, log	masked_full10_obs3	Masked: 10 full rows	Local-Florida	NA	Tensor	Psi1	5.192436	3.646849	6.738023	5.1924 [3.6468, 6.7380]	0.788565	500	bootstrap_se_centered
Psi1	Psi1: Robbery rate, log	masked_full10_obs3	Masked: 10 full rows	Local-Florida	NA	Matrix	Psi1_matrix	5.192436	3.646849	6.738023	5.1924 [3.6468, 6.7380]	0.788565	500	bootstrap_se_centered
Psi1	Psi1: Robbery rate, log	masked_full10_obs3	Masked: 10 full rows	Local-Montana	NA	Tensor	Psi1	3.140446	1.547127	4.733765	3.1404 [1.5471, 4.7338]	0.812918	500	bootstrap_se_centered
Psi1	Psi1: Robbery rate, log	masked_full10_obs3	Masked: 10 full rows	Local-Montana	NA	Matrix	Psi1_matrix	3.140446	1.547127	4.733765	3.1404 [1.5471, 4.7338]	0.812918	500	bootstrap_se_centered
Psi1	Psi1: Robbery rate, log	masked_full10_obs3	Masked: 10 full rows	Local-Texas	NA	Tensor	Psi1	5.065329	3.603105	6.527553	5.0653 [3.6031, 6.5276]	0.746033	500	bootstrap_se_centered
Psi1	Psi1: Robbery rate, log	masked_full10_obs3	Masked: 10 full rows	Local-Texas	NA	Matrix	Psi1_matrix	5.065329	3.603105	6.527553	5.0653 [3.6031, 6.5276]	0.746033	500	bootstrap_se_centered
Psi1	Psi1: Robbery rate, log	masked_full10_obs3	Masked: 10 full rows	RowHet	NA	Tensor	Psi1	1.474008	1.22868	1.719336	1.4740 [1.2287, 1.7193]	0.125167	500	bootstrap_se_centered
Psi1	Psi1: Robbery rate, log	masked_full10_obs3	Masked: 10 full rows	RowHet	NA	Matrix	Psi1_matrix	1.474008	1.22868	1.719336	1.4740 [1.2287, 1.7193]	0.125167	500	bootstrap_se_centered
Psi1	Psi1: Robbery rate, log	masked_full10_obs3	Masked: 10 full rows	Trend	NA	Tensor	Psi1	-0.010266	-0.018361	-0.002171	-0.0103 [-0.0184, -0.0022]	0.00413	500	bootstrap_se_centered
Psi1	Psi1: Robbery rate, log	masked_full10_obs3	Masked: 10 full rows	Trend	NA	Matrix	Psi1_matrix	-0.010266	-0.018361	-0.002171	-0.0103 [-0.0184, -0.0022]	0.00413	500	bootstrap_se_centered
Psi1	Psi1: Robbery rate, log	masked_full15_obs3	Masked: 15 full rows	ATE	NA	Tensor	Psi1	4.391325	4.135486	4.647164	4.3913 [4.1355, 4.6472]	0.13053	500	bootstrap_se_centered
Psi1	Psi1: Robbery rate, log	masked_full15_obs3	Masked: 15 full rows	ATE	NA	Matrix	Psi1_matrix	4.391325	4.135486	4.647164	4.3913 [4.1355, 4.6472]	0.13053	500	bootstrap_se_centered
Psi1	Psi1: Robbery rate, log	masked_full15_obs3	Masked: 15 full rows	Local-Florida	NA	Tensor	Psi1	5.192436	3.705685	6.679187	5.1924 [3.7057, 6.6792]	0.758546	500	bootstrap_se_centered
Psi1	Psi1: Robbery rate, log	masked_full15_obs3	Masked: 15 full rows	Local-Florida	NA	Matrix	Psi1_matrix	5.192436	3.705685	6.679187	5.1924 [3.7057, 6.6792]	0.758546	500	bootstrap_se_centered
Psi1	Psi1: Robbery rate, log	masked_full15_obs3	Masked: 15 full rows	Local-Montana	NA	Tensor	Psi1	3.140446	1.591775	4.689117	3.1404 [1.5918, 4.6891]	0.790138	500	bootstrap_se_centered
Psi1	Psi1: Robbery rate, log	masked_full15_obs3	Masked: 15 full rows	Local-Montana	NA	Matrix	Psi1_matrix	3.140446	1.591775	4.689117	3.1404 [1.5918, 4.6891]	0.790138	500	bootstrap_se_centered
Psi1	Psi1: Robbery rate, log	masked_full15_obs3	Masked: 15 full rows	Local-Texas	NA	Tensor	Psi1	5.065329	3.426862	6.703796	5.0653 [3.4269, 6.7038]	0.835952	500	bootstrap_se_centered
Psi1	Psi1: Robbery rate, log	masked_full15_obs3	Masked: 15 full rows	Local-Texas	NA	Matrix	Psi1_matrix	5.065329	3.426862	6.703796	5.0653 [3.4269, 6.7038]	0.835952	500	bootstrap_se_centered
Psi1	Psi1: Robbery rate, log	masked_full15_obs3	Masked: 15 full rows	RowHet	NA	Tensor	Psi1	1.827396	1.552508	2.102284	1.8274 [1.5525, 2.1023]	0.140249	500	bootstrap_se_centered
Psi1	Psi1: Robbery rate, log	masked_full15_obs3	Masked: 15 full rows	RowHet	NA	Matrix	Psi1_matrix	1.827396	1.552508	2.102284	1.8274 [1.5525, 2.1023]	0.140249	500	bootstrap_se_centered
Psi1	Psi1: Robbery rate, log	masked_full15_obs3	Masked: 15 full rows	Trend	NA	Tensor	Psi1	-0.008818	-0.017852	2.16e-4	-0.0088 [-0.0179, 0.0002]	0.004609	500	bootstrap_se_centered
Psi1	Psi1: Robbery rate, log	masked_full15_obs3	Masked: 15 full rows	Trend	NA	Matrix	Psi1_matrix	-0.008818	-0.017852	2.16e-4	-0.0088 [-0.0179, 0.0002]	0.004609	500	bootstrap_se_centered
Psi1	Psi1: Robbery rate, log	nonmasked_original	Non-masked	ATE	NA	Tensor	Psi1	4.540763	4.202516	4.87901	4.5408 [4.2025, 4.8790]	0.172575	500	bootstrap_se_centered
Psi1	Psi1: Robbery rate, log	nonmasked_original	Non-masked	ATE	NA	Matrix	Psi1_matrix	4.540763	4.202516	4.87901	4.5408 [4.2025, 4.8790]	0.172575	500	bootstrap_se_centered
Psi1	Psi1: Robbery rate, log	nonmasked_original	Non-masked	Local-Florida	NA	Tensor	Psi1	5.186744	3.696578	6.67691	5.1867 [3.6966, 6.6769]	0.760289	500	bootstrap_se_centered
Psi1	Psi1: Robbery rate, log	nonmasked_original	Non-masked	Local-Florida	NA	Matrix	Psi1_matrix	5.186744	3.696578	6.67691	5.1867 [3.6966, 6.6769]	0.760289	500	bootstrap_se_centered
Psi1	Psi1: Robbery rate, log	nonmasked_original	Non-masked	Local-Montana	NA	Tensor	Psi1	2.97076	1.581713	4.359807	2.9708 [1.5817, 4.3598]	0.708697	500	bootstrap_se_centered
Psi1	Psi1: Robbery rate, log	nonmasked_original	Non-masked	Local-Montana	NA	Matrix	Psi1_matrix	2.97076	1.581713	4.359807	2.9708 [1.5817, 4.3598]	0.708697	500	bootstrap_se_centered
Psi1	Psi1: Robbery rate, log	nonmasked_original	Non-masked	Local-Texas	NA	Tensor	Psi1	5.033588	3.500646	6.56653	5.0336 [3.5006, 6.5665]	0.782114	500	bootstrap_se_centered
Psi1	Psi1: Robbery rate, log	nonmasked_original	Non-masked	Local-Texas	NA	Matrix	Psi1_matrix	5.033588	3.500646	6.56653	5.0336 [3.5006, 6.5665]	0.782114	500	bootstrap_se_centered
Psi1	Psi1: Robbery rate, log	nonmasked_original	Non-masked	RowHet	NA	Tensor	Psi1	4.029444	3.68283	4.376058	4.0294 [3.6828, 4.3761]	0.176844	500	bootstrap_se_centered
Psi1	Psi1: Robbery rate, log	nonmasked_original	Non-masked	RowHet	NA	Matrix	Psi1_matrix	4.029444	3.68283	4.376058	4.0294 [3.6828, 4.3761]	0.176844	500	bootstrap_se_centered
Psi1	Psi1: Robbery rate, log	nonmasked_original	Non-masked	Trend	NA	Tensor	Psi1	-0.197871	-0.278993	-0.116749	-0.1979 [-0.2790, -0.1167]	0.041389	500	bootstrap_se_centered
Psi1	Psi1: Robbery rate, log	nonmasked_original	Non-masked	Trend	NA	Matrix	Psi1_matrix	-0.197871	-0.278993	-0.116749	-0.1979 [-0.2790, -0.1167]	0.041389	500	bootstrap_se_centered
Psi1	Psi1: Aggravated assault rate, log	masked_full5_obs3	Masked: 5 full rows	ATE	NA	Tensor	Psi1	5.422005	5.267728	5.576282	5.4220 [5.2677, 5.5763]	0.078713	500	bootstrap_se_centered
Psi1	Psi1: Aggravated assault rate, log	masked_full5_obs3	Masked: 5 full rows	ATE	NA	Matrix	Psi1_matrix	5.422005	5.267728	5.576282	5.4220 [5.2677, 5.5763]	0.078713	500	bootstrap_se_centered
Psi1	Psi1: Aggravated assault rate, log	masked_full5_obs3	Masked: 5 full rows	Local-Florida	NA	Tensor	Psi1	6.141617	5.15522	7.128014	6.1416 [5.1552, 7.1280]	0.503264	500	bootstrap_se_centered
Psi1	Psi1: Aggravated assault rate, log	masked_full5_obs3	Masked: 5 full rows	Local-Florida	NA	Matrix	Psi1_matrix	6.141617	5.15522	7.128014	6.1416 [5.1552, 7.1280]	0.503264	500	bootstrap_se_centered
Psi1	Psi1: Aggravated assault rate, log	masked_full5_obs3	Masked: 5 full rows	Local-Montana	NA	Tensor	Psi1	5.561601	4.530974	6.592228	5.5616 [4.5310, 6.5922]	0.52583	500	bootstrap_se_centered
Psi1	Psi1: Aggravated assault rate, log	masked_full5_obs3	Masked: 5 full rows	Local-Montana	NA	Matrix	Psi1_matrix	5.561601	4.530974	6.592228	5.5616 [4.5310, 6.5922]	0.52583	500	bootstrap_se_centered
Psi1	Psi1: Aggravated assault rate, log	masked_full5_obs3	Masked: 5 full rows	Local-Texas	NA	Tensor	Psi1	5.777217	4.738094	6.81634	5.7772 [4.7381, 6.8163]	0.530165	500	bootstrap_se_centered
Psi1	Psi1: Aggravated assault rate, log	masked_full5_obs3	Masked: 5 full rows	Local-Texas	NA	Matrix	Psi1_matrix	5.777217	4.738094	6.81634	5.7772 [4.7381, 6.8163]	0.530165	500	bootstrap_se_centered
Psi1	Psi1: Aggravated assault rate, log	masked_full5_obs3	Masked: 5 full rows	RowHet	NA	Tensor	Psi1	1.418022	1.268819	1.567225	1.4180 [1.2688, 1.5672]	0.076124	500	bootstrap_se_centered
Psi1	Psi1: Aggravated assault rate, log	masked_full5_obs3	Masked: 5 full rows	RowHet	NA	Matrix	Psi1_matrix	1.418022	1.268819	1.567225	1.4180 [1.2688, 1.5672]	0.076124	500	bootstrap_se_centered
Psi1	Psi1: Aggravated assault rate, log	masked_full5_obs3	Masked: 5 full rows	Trend	NA	Tensor	Psi1	-0.004892	-0.016447	0.006663	-0.0049 [-0.0164, 0.0067]	0.005896	500	bootstrap_se_centered
Psi1	Psi1: Aggravated assault rate, log	masked_full5_obs3	Masked: 5 full rows	Trend	NA	Matrix	Psi1_matrix	-0.004892	-0.016447	0.006663	-0.0049 [-0.0164, 0.0067]	0.005896	500	bootstrap_se_centered
Psi1	Psi1: Aggravated assault rate, log	masked_full10_obs3	Masked: 10 full rows	ATE	NA	Tensor	Psi1	5.461256	5.314582	5.60793	5.4613 [5.3146, 5.6079]	0.074833	500	bootstrap_se_centered
Psi1	Psi1: Aggravated assault rate, log	masked_full10_obs3	Masked: 10 full rows	ATE	NA	Matrix	Psi1_matrix	5.461256	5.314582	5.60793	5.4613 [5.3146, 5.6079]	0.074833	500	bootstrap_se_centered
Psi1	Psi1: Aggravated assault rate, log	masked_full10_obs3	Masked: 10 full rows	Local-Florida	NA	Tensor	Psi1	6.141617	5.173026	7.110208	6.1416 [5.1730, 7.1102]	0.494179	500	bootstrap_se_centered
Psi1	Psi1: Aggravated assault rate, log	masked_full10_obs3	Masked: 10 full rows	Local-Florida	NA	Matrix	Psi1_matrix	6.141617	5.173026	7.110208	6.1416 [5.1730, 7.1102]	0.494179	500	bootstrap_se_centered
Psi1	Psi1: Aggravated assault rate, log	masked_full10_obs3	Masked: 10 full rows	Local-Montana	NA	Tensor	Psi1	5.561601	4.594453	6.528749	5.5616 [4.5945, 6.5287]	0.493443	500	bootstrap_se_centered
Psi1	Psi1: Aggravated assault rate, log	masked_full10_obs3	Masked: 10 full rows	Local-Montana	NA	Matrix	Psi1_matrix	5.561601	4.594453	6.528749	5.5616 [4.5945, 6.5287]	0.493443	500	bootstrap_se_centered
Psi1	Psi1: Aggravated assault rate, log	masked_full10_obs3	Masked: 10 full rows	Local-Texas	NA	Tensor	Psi1	5.777217	4.826418	6.728016	5.7772 [4.8264, 6.7280]	0.485101	500	bootstrap_se_centered
Psi1	Psi1: Aggravated assault rate, log	masked_full10_obs3	Masked: 10 full rows	Local-Texas	NA	Matrix	Psi1_matrix	5.777217	4.826418	6.728016	5.7772 [4.8264, 6.7280]	0.485101	500	bootstrap_se_centered
Psi1	Psi1: Aggravated assault rate, log	masked_full10_obs3	Masked: 10 full rows	RowHet	NA	Tensor	Psi1	1.97127	1.82064	2.1219	1.9713 [1.8206, 2.1219]	0.076852	500	bootstrap_se_centered
Psi1	Psi1: Aggravated assault rate, log	masked_full10_obs3	Masked: 10 full rows	RowHet	NA	Matrix	Psi1_matrix	1.97127	1.82064	2.1219	1.9713 [1.8206, 2.1219]	0.076852	500	bootstrap_se_centered
Psi1	Psi1: Aggravated assault rate, log	masked_full10_obs3	Masked: 10 full rows	Trend	NA	Tensor	Psi1	-0.004402	-0.017756	0.008952	-0.0044 [-0.0178, 0.0090]	0.006813	500	bootstrap_se_centered
Psi1	Psi1: Aggravated assault rate, log	masked_full10_obs3	Masked: 10 full rows	Trend	NA	Matrix	Psi1_matrix	-0.004402	-0.017756	0.008952	-0.0044 [-0.0178, 0.0090]	0.006813	500	bootstrap_se_centered
Psi1	Psi1: Aggravated assault rate, log	masked_full15_obs3	Masked: 15 full rows	ATE	NA	Tensor	Psi1	5.439325	5.2763	5.60235	5.4393 [5.2763, 5.6024]	0.083176	500	bootstrap_se_centered
Psi1	Psi1: Aggravated assault rate, log	masked_full15_obs3	Masked: 15 full rows	ATE	NA	Matrix	Psi1_matrix	5.439325	5.2763	5.60235	5.4393 [5.2763, 5.6024]	0.083176	500	bootstrap_se_centered
Psi1	Psi1: Aggravated assault rate, log	masked_full15_obs3	Masked: 15 full rows	Local-Florida	NA	Tensor	Psi1	6.141617	5.198395	7.084839	6.1416 [5.1984, 7.0848]	0.481236	500	bootstrap_se_centered
Psi1	Psi1: Aggravated assault rate, log	masked_full15_obs3	Masked: 15 full rows	Local-Florida	NA	Matrix	Psi1_matrix	6.141617	5.198395	7.084839	6.1416 [5.1984, 7.0848]	0.481236	500	bootstrap_se_centered
Psi1	Psi1: Aggravated assault rate, log	masked_full15_obs3	Masked: 15 full rows	Local-Montana	NA	Tensor	Psi1	5.561601	4.572097	6.551105	5.5616 [4.5721, 6.5511]	0.504849	500	bootstrap_se_centered
Psi1	Psi1: Aggravated assault rate, log	masked_full15_obs3	Masked: 15 full rows	Local-Montana	NA	Matrix	Psi1_matrix	5.561601	4.572097	6.551105	5.5616 [4.5721, 6.5511]	0.504849	500	bootstrap_se_centered
Psi1	Psi1: Aggravated assault rate, log	masked_full15_obs3	Masked: 15 full rows	Local-Texas	NA	Tensor	Psi1	5.777217	4.7674	6.787034	5.7772 [4.7674, 6.7870]	0.515213	500	bootstrap_se_centered
Psi1	Psi1: Aggravated assault rate, log	masked_full15_obs3	Masked: 15 full rows	Local-Texas	NA	Matrix	Psi1_matrix	5.777217	4.7674	6.787034	5.7772 [4.7674, 6.7870]	0.515213	500	bootstrap_se_centered
Psi1	Psi1: Aggravated assault rate, log	masked_full15_obs3	Masked: 15 full rows	RowHet	NA	Tensor	Psi1	2.409736	2.236228	2.583244	2.4097 [2.2362, 2.5832]	0.088525	500	bootstrap_se_centered
Psi1	Psi1: Aggravated assault rate, log	masked_full15_obs3	Masked: 15 full rows	RowHet	NA	Matrix	Psi1_matrix	2.409736	2.236228	2.583244	2.4097 [2.2362, 2.5832]	0.088525	500	bootstrap_se_centered
Psi1	Psi1: Aggravated assault rate, log	masked_full15_obs3	Masked: 15 full rows	Trend	NA	Tensor	Psi1	-0.00421	-0.0187	0.01028	-0.0042 [-0.0187, 0.0103]	0.007393	500	bootstrap_se_centered
Psi1	Psi1: Aggravated assault rate, log	masked_full15_obs3	Masked: 15 full rows	Trend	NA	Matrix	Psi1_matrix	-0.00421	-0.0187	0.01028	-0.0042 [-0.0187, 0.0103]	0.007393	500	bootstrap_se_centered
Psi1	Psi1: Aggravated assault rate, log	nonmasked_original	Non-masked	ATE	NA	Tensor	Psi1	5.647762	5.461251	5.834273	5.6478 [5.4613, 5.8343]	0.095159	500	bootstrap_se_centered
Psi1	Psi1: Aggravated assault rate, log	nonmasked_original	Non-masked	ATE	NA	Matrix	Psi1_matrix	5.647762	5.461251	5.834273	5.6478 [5.4613, 5.8343]	0.095159	500	bootstrap_se_centered
Psi1	Psi1: Aggravated assault rate, log	nonmasked_original	Non-masked	Local-Florida	NA	Tensor	Psi1	6.110862	5.241195	6.980529	6.1109 [5.2412, 6.9805]	0.443708	500	bootstrap_se_centered
Psi1	Psi1: Aggravated assault rate, log	nonmasked_original	Non-masked	Local-Florida	NA	Matrix	Psi1_matrix	6.110862	5.241195	6.980529	6.1109 [5.2412, 6.9805]	0.443708	500	bootstrap_se_centered
Psi1	Psi1: Aggravated assault rate, log	nonmasked_original	Non-masked	Local-Montana	NA	Tensor	Psi1	5.417334	4.61781	6.216858	5.4173 [4.6178, 6.2169]	0.407921	500	bootstrap_se_centered
Psi1	Psi1: Aggravated assault rate, log	nonmasked_original	Non-masked	Local-Montana	NA	Matrix	Psi1_matrix	5.417334	4.61781	6.216858	5.4173 [4.6178, 6.2169]	0.407921	500	bootstrap_se_centered
Psi1	Psi1: Aggravated assault rate, log	nonmasked_original	Non-masked	Local-Texas	NA	Tensor	Psi1	5.730712	4.850465	6.610959	5.7307 [4.8505, 6.6110]	0.449106	500	bootstrap_se_centered
Psi1	Psi1: Aggravated assault rate, log	nonmasked_original	Non-masked	Local-Texas	NA	Matrix	Psi1_matrix	5.730712	4.850465	6.610959	5.7307 [4.8505, 6.6110]	0.449106	500	bootstrap_se_centered
Psi1	Psi1: Aggravated assault rate, log	nonmasked_original	Non-masked	RowHet	NA	Tensor	Psi1	5.035425	4.843902	5.226948	5.0354 [4.8439, 5.2269]	0.097716	500	bootstrap_se_centered
Psi1	Psi1: Aggravated assault rate, log	nonmasked_original	Non-masked	RowHet	NA	Matrix	Psi1_matrix	5.035425	4.843902	5.226948	5.0354 [4.8439, 5.2269]	0.097716	500	bootstrap_se_centered
Psi1	Psi1: Aggravated assault rate, log	nonmasked_original	Non-masked	Trend	NA	Tensor	Psi1	-0.045571	-0.109404	0.018262	-0.0456 [-0.1094, 0.0183]	0.032568	500	bootstrap_se_centered
Psi1	Psi1: Aggravated assault rate, log	nonmasked_original	Non-masked	Trend	NA	Matrix	Psi1_matrix	-0.045571	-0.109404	0.018262	-0.0456 [-0.1094, 0.0183]	0.032568	500	bootstrap_se_centered
Psi1	Contrast Psi1: Robbery rate, log - Aggravated assault rate, log	masked_full5_obs3	Masked: 5 full rows	ATE	NA	Tensor	C_Psi1	-1.034892	-1.218963	-0.850821	-1.0349 [-1.2190, -0.8508]	0.093914	500	bootstrap_se_centered
Psi1	Contrast Psi1: Robbery rate, log - Aggravated assault rate, log	masked_full5_obs3	Masked: 5 full rows	ATE	NA	Matrix	C_Psi1_matrix	-1.034892	-1.218963	-0.850821	-1.0349 [-1.2190, -0.8508]	0.093914	500	bootstrap_se_centered
Psi1	Contrast Psi1: Robbery rate, log - Aggravated assault rate, log	masked_full5_obs3	Masked: 5 full rows	Local-Florida	NA	Tensor	C_Psi1	-0.949181	-2.247292	0.34893	-0.9492 [-2.2473, 0.3489]	0.662301	500	bootstrap_se_centered
Psi1	Contrast Psi1: Robbery rate, log - Aggravated assault rate, log	masked_full5_obs3	Masked: 5 full rows	Local-Florida	NA	Matrix	C_Psi1_matrix	-0.949181	-2.247292	0.34893	-0.9492 [-2.2473, 0.3489]	0.662301	500	bootstrap_se_centered
Psi1	Contrast Psi1: Robbery rate, log - Aggravated assault rate, log	masked_full5_obs3	Masked: 5 full rows	Local-Montana	NA	Tensor	C_Psi1	-2.421155	-3.673796	-1.168514	-2.4212 [-3.6738, -1.1685]	0.639103	500	bootstrap_se_centered
Psi1	Contrast Psi1: Robbery rate, log - Aggravated assault rate, log	masked_full5_obs3	Masked: 5 full rows	Local-Montana	NA	Matrix	C_Psi1_matrix	-2.421155	-3.673796	-1.168514	-2.4212 [-3.6738, -1.1685]	0.639103	500	bootstrap_se_centered
Psi1	Contrast Psi1: Robbery rate, log - Aggravated assault rate, log	masked_full5_obs3	Masked: 5 full rows	Local-Texas	NA	Tensor	C_Psi1	-0.711888	-1.909297	0.485521	-0.7119 [-1.9093, 0.4855]	0.610923	500	bootstrap_se_centered
Psi1	Contrast Psi1: Robbery rate, log - Aggravated assault rate, log	masked_full5_obs3	Masked: 5 full rows	Local-Texas	NA	Matrix	C_Psi1_matrix	-0.711888	-1.909297	0.485521	-0.7119 [-1.9093, 0.4855]	0.610923	500	bootstrap_se_centered
Psi1	Contrast Psi1: Robbery rate, log - Aggravated assault rate, log	masked_full5_obs3	Masked: 5 full rows	RowHet	NA	Tensor	C_Psi1	-0.41363	-0.600094	-0.227166	-0.4136 [-0.6001, -0.2272]	0.095135	500	bootstrap_se_centered
Psi1	Contrast Psi1: Robbery rate, log - Aggravated assault rate, log	masked_full5_obs3	Masked: 5 full rows	RowHet	NA	Matrix	C_Psi1_matrix	-0.41363	-0.600094	-0.227166	-0.4136 [-0.6001, -0.2272]	0.095135	500	bootstrap_se_centered
Psi1	Contrast Psi1: Robbery rate, log - Aggravated assault rate, log	masked_full5_obs3	Masked: 5 full rows	Trend	NA	Tensor	C_Psi1	-0.005054	-0.01334	0.003232	-0.0051 [-0.0133, 0.0032]	0.004228	500	bootstrap_se_centered
Psi1	Contrast Psi1: Robbery rate, log - Aggravated assault rate, log	masked_full5_obs3	Masked: 5 full rows	Trend	NA	Matrix	C_Psi1_matrix	-0.005054	-0.01334	0.003232	-0.0051 [-0.0133, 0.0032]	0.004228	500	bootstrap_se_centered
Psi1	Contrast Psi1: Robbery rate, log - Aggravated assault rate, log	masked_full10_obs3	Masked: 10 full rows	ATE	NA	Tensor	C_Psi1	-1.012009	-1.208302	-0.815716	-1.0120 [-1.2083, -0.8157]	0.10015	500	bootstrap_se_centered
Psi1	Contrast Psi1: Robbery rate, log - Aggravated assault rate, log	masked_full10_obs3	Masked: 10 full rows	ATE	NA	Matrix	C_Psi1_matrix	-1.012009	-1.208302	-0.815716	-1.0120 [-1.2083, -0.8157]	0.10015	500	bootstrap_se_centered
Psi1	Contrast Psi1: Robbery rate, log - Aggravated assault rate, log	masked_full10_obs3	Masked: 10 full rows	Local-Florida	NA	Tensor	C_Psi1	-0.949181	-2.203368	0.305006	-0.9492 [-2.2034, 0.3050]	0.639891	500	bootstrap_se_centered
Psi1	Contrast Psi1: Robbery rate, log - Aggravated assault rate, log	masked_full10_obs3	Masked: 10 full rows	Local-Florida	NA	Matrix	C_Psi1_matrix	-0.949181	-2.203368	0.305006	-0.9492 [-2.2034, 0.3050]	0.639891	500	bootstrap_se_centered
Psi1	Contrast Psi1: Robbery rate, log - Aggravated assault rate, log	masked_full10_obs3	Masked: 10 full rows	Local-Montana	NA	Tensor	C_Psi1	-2.421155	-3.738237	-1.104073	-2.4212 [-3.7382, -1.1041]	0.671981	500	bootstrap_se_centered
Psi1	Contrast Psi1: Robbery rate, log - Aggravated assault rate, log	masked_full10_obs3	Masked: 10 full rows	Local-Montana	NA	Matrix	C_Psi1_matrix	-2.421155	-3.738237	-1.104073	-2.4212 [-3.7382, -1.1041]	0.671981	500	bootstrap_se_centered
Psi1	Contrast Psi1: Robbery rate, log - Aggravated assault rate, log	masked_full10_obs3	Masked: 10 full rows	Local-Texas	NA	Tensor	C_Psi1	-0.711888	-1.946904	0.523128	-0.7119 [-1.9469, 0.5231]	0.63011	500	bootstrap_se_centered
Psi1	Contrast Psi1: Robbery rate, log - Aggravated assault rate, log	masked_full10_obs3	Masked: 10 full rows	Local-Texas	NA	Matrix	C_Psi1_matrix	-0.711888	-1.946904	0.523128	-0.7119 [-1.9469, 0.5231]	0.63011	500	bootstrap_se_centered
Psi1	Contrast Psi1: Robbery rate, log - Aggravated assault rate, log	masked_full10_obs3	Masked: 10 full rows	RowHet	NA	Tensor	C_Psi1	-0.497262	-0.696898	-0.297626	-0.4973 [-0.6969, -0.2976]	0.101855	500	bootstrap_se_centered
Psi1	Contrast Psi1: Robbery rate, log - Aggravated assault rate, log	masked_full10_obs3	Masked: 10 full rows	RowHet	NA	Matrix	C_Psi1_matrix	-0.497262	-0.696898	-0.297626	-0.4973 [-0.6969, -0.2976]	0.101855	500	bootstrap_se_centered
Psi1	Contrast Psi1: Robbery rate, log - Aggravated assault rate, log	masked_full10_obs3	Masked: 10 full rows	Trend	NA	Tensor	C_Psi1	-0.005864	-0.014774	0.003046	-0.0059 [-0.0148, 0.0030]	0.004546	500	bootstrap_se_centered
Psi1	Contrast Psi1: Robbery rate, log - Aggravated assault rate, log	masked_full10_obs3	Masked: 10 full rows	Trend	NA	Matrix	C_Psi1_matrix	-0.005864	-0.014774	0.003046	-0.0059 [-0.0148, 0.0030]	0.004546	500	bootstrap_se_centered
Psi1	Contrast Psi1: Robbery rate, log - Aggravated assault rate, log	masked_full15_obs3	Masked: 15 full rows	ATE	NA	Tensor	C_Psi1	-1.048	-1.272846	-0.823154	-1.0480 [-1.2728, -0.8232]	0.114717	500	bootstrap_se_centered
Psi1	Contrast Psi1: Robbery rate, log - Aggravated assault rate, log	masked_full15_obs3	Masked: 15 full rows	ATE	NA	Matrix	C_Psi1_matrix	-1.048	-1.272846	-0.823154	-1.0480 [-1.2728, -0.8232]	0.114717	500	bootstrap_se_centered
Psi1	Contrast Psi1: Robbery rate, log - Aggravated assault rate, log	masked_full15_obs3	Masked: 15 full rows	Local-Florida	NA	Tensor	C_Psi1	-0.949181	-2.234047	0.335685	-0.9492 [-2.2340, 0.3357]	0.655544	500	bootstrap_se_centered
Psi1	Contrast Psi1: Robbery rate, log - Aggravated assault rate, log	masked_full15_obs3	Masked: 15 full rows	Local-Florida	NA	Matrix	C_Psi1_matrix	-0.949181	-2.234047	0.335685	-0.9492 [-2.2340, 0.3357]	0.655544	500	bootstrap_se_centered
Psi1	Contrast Psi1: Robbery rate, log - Aggravated assault rate, log	masked_full15_obs3	Masked: 15 full rows	Local-Montana	NA	Tensor	C_Psi1	-2.421155	-3.718807	-1.123503	-2.4212 [-3.7188, -1.1235]	0.662067	500	bootstrap_se_centered
Psi1	Contrast Psi1: Robbery rate, log - Aggravated assault rate, log	masked_full15_obs3	Masked: 15 full rows	Local-Montana	NA	Matrix	C_Psi1_matrix	-2.421155	-3.718807	-1.123503	-2.4212 [-3.7188, -1.1235]	0.662067	500	bootstrap_se_centered
Psi1	Contrast Psi1: Robbery rate, log - Aggravated assault rate, log	masked_full15_obs3	Masked: 15 full rows	Local-Texas	NA	Tensor	C_Psi1	-0.711888	-2.020131	0.596355	-0.7119 [-2.0201, 0.5964]	0.667471	500	bootstrap_se_centered
Psi1	Contrast Psi1: Robbery rate, log - Aggravated assault rate, log	masked_full15_obs3	Masked: 15 full rows	Local-Texas	NA	Matrix	C_Psi1_matrix	-0.711888	-2.020131	0.596355	-0.7119 [-2.0201, 0.5964]	0.667471	500	bootstrap_se_centered
Psi1	Contrast Psi1: Robbery rate, log - Aggravated assault rate, log	masked_full15_obs3	Masked: 15 full rows	RowHet	NA	Tensor	C_Psi1	-0.58234	-0.79865	-0.36603	-0.5823 [-0.7987, -0.3660]	0.110362	500	bootstrap_se_centered
Psi1	Contrast Psi1: Robbery rate, log - Aggravated assault rate, log	masked_full15_obs3	Masked: 15 full rows	RowHet	NA	Matrix	C_Psi1_matrix	-0.58234	-0.79865	-0.36603	-0.5823 [-0.7987, -0.3660]	0.110362	500	bootstrap_se_centered
Psi1	Contrast Psi1: Robbery rate, log - Aggravated assault rate, log	masked_full15_obs3	Masked: 15 full rows	Trend	NA	Tensor	C_Psi1	-0.004608	-0.014091	0.004875	-0.0046 [-0.0141, 0.0049]	0.004838	500	bootstrap_se_centered
Psi1	Contrast Psi1: Robbery rate, log - Aggravated assault rate, log	masked_full15_obs3	Masked: 15 full rows	Trend	NA	Matrix	C_Psi1_matrix	-0.004608	-0.014091	0.004875	-0.0046 [-0.0141, 0.0049]	0.004838	500	bootstrap_se_centered
Psi1	Contrast Psi1: Robbery rate, log - Aggravated assault rate, log	nonmasked_original	Non-masked	ATE	NA	Tensor	C_Psi1	-1.106999	-1.401895	-0.812103	-1.1070 [-1.4019, -0.8121]	0.150457	500	bootstrap_se_centered
Psi1	Contrast Psi1: Robbery rate, log - Aggravated assault rate, log	nonmasked_original	Non-masked	ATE	NA	Matrix	C_Psi1_matrix	-1.106999	-1.401895	-0.812103	-1.1070 [-1.4019, -0.8121]	0.150457	500	bootstrap_se_centered
Psi1	Contrast Psi1: Robbery rate, log - Aggravated assault rate, log	nonmasked_original	Non-masked	Local-Florida	NA	Tensor	C_Psi1	-0.924118	-2.25415	0.405914	-0.9241 [-2.2542, 0.4059]	0.678588	500	bootstrap_se_centered
Psi1	Contrast Psi1: Robbery rate, log - Aggravated assault rate, log	nonmasked_original	Non-masked	Local-Florida	NA	Matrix	C_Psi1_matrix	-0.924118	-2.25415	0.405914	-0.9241 [-2.2542, 0.4059]	0.678588	500	bootstrap_se_centered
Psi1	Contrast Psi1: Robbery rate, log - Aggravated assault rate, log	nonmasked_original	Non-masked	Local-Montana	NA	Tensor	C_Psi1	-2.446574	-3.788389	-1.104759	-2.4466 [-3.7884, -1.1048]	0.684599	500	bootstrap_se_centered
Psi1	Contrast Psi1: Robbery rate, log - Aggravated assault rate, log	nonmasked_original	Non-masked	Local-Montana	NA	Matrix	C_Psi1_matrix	-2.446574	-3.788389	-1.104759	-2.4466 [-3.7884, -1.1048]	0.684599	500	bootstrap_se_centered
Psi1	Contrast Psi1: Robbery rate, log - Aggravated assault rate, log	nonmasked_original	Non-masked	Local-Texas	NA	Tensor	C_Psi1	-0.697124	-2.096036	0.701788	-0.6971 [-2.0960, 0.7018]	0.713731	500	bootstrap_se_centered
Psi1	Contrast Psi1: Robbery rate, log - Aggravated assault rate, log	nonmasked_original	Non-masked	Local-Texas	NA	Matrix	C_Psi1_matrix	-0.697124	-2.096036	0.701788	-0.6971 [-2.0960, 0.7018]	0.713731	500	bootstrap_se_centered
Psi1	Contrast Psi1: Robbery rate, log - Aggravated assault rate, log	nonmasked_original	Non-masked	RowHet	NA	Tensor	C_Psi1	-1.005981	-1.303677	-0.708285	-1.0060 [-1.3037, -0.7083]	0.151886	500	bootstrap_se_centered
Psi1	Contrast Psi1: Robbery rate, log - Aggravated assault rate, log	nonmasked_original	Non-masked	RowHet	NA	Matrix	C_Psi1_matrix	-1.005981	-1.303677	-0.708285	-1.0060 [-1.3037, -0.7083]	0.151886	500	bootstrap_se_centered
Psi1	Contrast Psi1: Robbery rate, log - Aggravated assault rate, log	nonmasked_original	Non-masked	Trend	NA	Tensor	C_Psi1	-0.1523	-0.218079	-0.086521	-0.1523 [-0.2181, -0.0865]	0.033561	500	bootstrap_se_centered
Psi1	Contrast Psi1: Robbery rate, log - Aggravated assault rate, log	nonmasked_original	Non-masked	Trend	NA	Matrix	C_Psi1_matrix	-0.1523	-0.218079	-0.086521	-0.1523 [-0.2181, -0.0865]	0.033561	500	bootstrap_se_centered
